,marital,mntlhlth,degree,satfin,neisafe,relpersn,race_is_white,race_is_black,race_is_other
2867,0,20.0,2.0,3.0,1.0,1.0,True,False,False
2869,1,3.0,3.0,2.0,1.0,3.0,True,False,False
2870,1,1.0,3.0,1.0,1.0,3.0,True,False,False
2873,0,0.0,1.0,2.0,3.0,2.0,False,True,False
2874,0,1.0,1.0,2.0,2.0,2.0,True,False,False
2875,0,10.0,0.0,3.0,4.0,2.0,True,False,False
2876,1,10.0,1.0,1.0,2.0,3.0,True,False,False
2877,0,0.0,4.0,2.0,2.0,3.0,True,False,False
2878,0,0.0,1.0,3.0,2.0,2.0,False,False,True
2880,1,0.0,3.0,2.0,2.0,2.0,False,True,False
2882,0,0.0,1.0,2.0,1.0,1.0,True,False,False
2885,0,0.0,4.0,2.0,2.0,3.0,True,False,False
2886,0,9.0,4.0,2.0,1.0,2.0,True,False,False
2887,1,0.0,1.0,2.0,1.0,2.0,True,False,False
2889,1,0.0,2.0,3.0,1.0,2.0,True,False,False
2890,0,5.0,1.0,2.0,1.0,2.0,True,False,False
2891,1,1.0,3.0,2.0,1.0,2.0,True,False,False
2893,0,5.0,1.0,2.0,1.0,2.0,True,False,False
2896,0,0.0,1.0,1.0,1.0,3.0,True,False,False
2900,0,10.0,3.0,1.0,1.0,4.0,True,False,False
2901,0,0.0,0.0,2.0,1.0,2.0,True,False,False
2902,1,1.0,4.0,1.0,1.0,1.0,True,False,False
2903,0,0.0,4.0,2.0,1.0,2.0,True,False,False
2904,0,0.0,4.0,3.0,1.0,4.0,True,False,False
2905,1,0.0,4.0,2.0,1.0,2.0,True,False,False
2907,0,7.0,1.0,3.0,1.0,3.0,True,False,False
2908,0,10.0,1.0,2.0,1.0,2.0,True,False,False
2912,0,15.0,1.0,2.0,1.0,3.0,True,False,False
2913,1,0.0,4.0,3.0,1.0,2.0,True,False,False
2917,0,0.0,1.0,2.0,1.0,2.0,True,False,False
2918,0,1.0,1.0,2.0,1.0,2.0,True,False,False
2919,0,11.0,4.0,3.0,1.0,1.0,True,False,False
2921,1,0.0,3.0,1.0,1.0,4.0,True,False,False
2922,0,0.0,3.0,1.0,1.0,3.0,True,False,False
2925,0,0.0,0.0,2.0,2.0,1.0,True,False,False
2926,0,5.0,1.0,3.0,3.0,4.0,False,True,False
2928,1,0.0,0.0,3.0,3.0,3.0,False,True,False
2929,0,0.0,3.0,2.0,1.0,1.0,False,True,False
2933,1,0.0,1.0,2.0,1.0,3.0,True,False,False
2935,0,0.0,4.0,2.0,2.0,1.0,False,True,False
2938,1,0.0,2.0,2.0,1.0,2.0,False,True,False
2940,1,0.0,4.0,1.0,1.0,4.0,True,False,False
2941,0,5.0,1.0,3.0,1.0,4.0,True,False,False
2942,0,0.0,2.0,2.0,1.0,2.0,False,True,False
2943,1,5.0,3.0,1.0,1.0,2.0,True,False,False
2948,1,3.0,1.0,3.0,2.0,4.0,False,True,False
2949,0,3.0,1.0,2.0,2.0,3.0,False,False,True
2950,1,0.0,1.0,2.0,3.0,2.0,True,False,False
2951,0,0.0,1.0,2.0,1.0,3.0,True,False,False
2952,0,0.0,3.0,2.0,1.0,4.0,False,True,False
2953,0,0.0,1.0,3.0,1.0,4.0,False,False,True
2954,1,0.0,1.0,2.0,1.0,4.0,True,False,False
2955,1,5.0,4.0,1.0,1.0,3.0,True,False,False
2956,0,1.0,4.0,3.0,1.0,2.0,False,False,True
2957,0,1.0,4.0,2.0,1.0,4.0,True,False,False
2958,1,3.0,4.0,2.0,1.0,1.0,True,False,False
2959,0,1.0,4.0,1.0,2.0,3.0,False,False,True
2961,0,0.0,3.0,2.0,2.0,2.0,False,True,False
2962,0,15.0,1.0,1.0,2.0,3.0,False,True,False
2964,0,0.0,3.0,3.0,2.0,2.0,False,True,False
2967,0,0.0,0.0,3.0,1.0,4.0,False,False,True
2969,1,0.0,4.0,1.0,1.0,4.0,False,False,True
2971,0,0.0,4.0,1.0,1.0,4.0,True,False,False
2972,0,2.0,1.0,2.0,1.0,1.0,True,False,False
2973,0,0.0,1.0,1.0,1.0,4.0,True,False,False
2974,0,0.0,1.0,3.0,1.0,4.0,True,False,False
2975,1,0.0,3.0,2.0,1.0,2.0,True,False,False
2977,0,0.0,2.0,1.0,1.0,3.0,True,False,False
2978,1,0.0,1.0,2.0,1.0,2.0,True,False,False
2981,1,0.0,3.0,1.0,1.0,2.0,True,False,False
2982,1,0.0,3.0,1.0,1.0,4.0,True,False,False
2985,1,1.0,1.0,3.0,1.0,2.0,True,False,False
2986,0,1.0,1.0,2.0,1.0,2.0,True,False,False
2988,1,0.0,1.0,2.0,1.0,2.0,True,False,False
2989,0,3.0,3.0,2.0,1.0,3.0,True,False,False
2990,1,0.0,3.0,2.0,1.0,2.0,True,False,False
2991,0,0.0,3.0,2.0,2.0,3.0,True,False,False
2992,0,2.0,4.0,2.0,1.0,4.0,False,False,True
2993,1,0.0,4.0,2.0,1.0,3.0,True,False,False
2994,0,0.0,3.0,2.0,2.0,2.0,True,False,False
2995,1,0.0,4.0,2.0,1.0,2.0,True,False,False
2996,0,2.0,4.0,2.0,1.0,4.0,True,False,False
2999,1,2.0,3.0,2.0,1.0,4.0,True,False,False
3000,1,3.0,1.0,3.0,1.0,2.0,True,False,False
3001,1,20.0,1.0,2.0,1.0,2.0,True,False,False
3002,0,10.0,1.0,2.0,1.0,2.0,False,False,True
3004,1,3.0,3.0,3.0,1.0,4.0,False,False,True
3005,1,0.0,0.0,2.0,2.0,2.0,True,False,False
3006,0,5.0,1.0,1.0,1.0,4.0,True,False,False
3007,0,0.0,2.0,3.0,2.0,2.0,True,False,False
3008,1,3.0,1.0,3.0,2.0,2.0,True,False,False
3011,0,0.0,1.0,2.0,3.0,2.0,False,False,True
3012,0,3.0,1.0,1.0,3.0,2.0,False,True,False
3014,0,7.0,3.0,2.0,3.0,2.0,False,True,False
3016,0,0.0,4.0,1.0,1.0,4.0,True,False,False
3017,0,0.0,4.0,2.0,2.0,2.0,False,True,False
3020,0,0.0,3.0,1.0,2.0,4.0,False,False,True
3021,0,0.0,0.0,2.0,2.0,2.0,False,False,True
3022,1,2.0,0.0,2.0,3.0,4.0,False,False,True
3023,0,0.0,1.0,3.0,3.0,2.0,True,False,False
3024,0,0.0,1.0,3.0,3.0,2.0,False,False,True
3025,1,0.0,0.0,2.0,3.0,2.0,False,False,True
3026,0,15.0,0.0,2.0,3.0,2.0,True,False,False
3029,1,8.0,1.0,2.0,2.0,3.0,False,False,True
3033,0,15.0,0.0,2.0,2.0,2.0,True,False,False
3035,0,0.0,2.0,3.0,2.0,4.0,True,False,False
3036,1,0.0,1.0,3.0,1.0,3.0,True,False,False
3037,0,7.0,1.0,3.0,2.0,4.0,True,False,False
3038,1,0.0,1.0,3.0,2.0,2.0,False,False,True
3039,0,0.0,1.0,3.0,1.0,4.0,True,False,False
3041,1,0.0,4.0,1.0,1.0,4.0,True,False,False
3043,1,1.0,4.0,1.0,1.0,4.0,True,False,False
3044,0,1.0,1.0,2.0,1.0,2.0,True,False,False
3045,0,1.0,3.0,1.0,1.0,4.0,False,False,True
3049,0,0.0,4.0,3.0,1.0,4.0,True,False,False
3050,0,2.0,4.0,1.0,1.0,2.0,True,False,False
3051,0,3.0,3.0,2.0,1.0,4.0,False,False,True
3054,1,0.0,3.0,3.0,2.0,3.0,False,False,True
3056,0,0.0,1.0,1.0,2.0,4.0,False,False,True
3057,0,1.0,1.0,1.0,2.0,2.0,False,False,True
3060,1,10.0,3.0,2.0,1.0,2.0,False,False,True
3062,0,3.0,3.0,1.0,1.0,1.0,True,False,False
3063,0,1.0,0.0,2.0,2.0,3.0,False,False,True
3064,1,0.0,1.0,2.0,2.0,2.0,True,False,False
3065,1,0.0,3.0,2.0,1.0,3.0,True,False,False
3066,1,0.0,1.0,1.0,1.0,4.0,True,False,False
3067,0,14.0,3.0,2.0,1.0,3.0,False,False,True
3073,1,14.0,1.0,2.0,1.0,4.0,True,False,False
3075,1,20.0,4.0,3.0,1.0,4.0,True,False,False
3078,1,0.0,1.0,2.0,1.0,3.0,True,False,False
3082,1,0.0,2.0,2.0,2.0,2.0,True,False,False
3084,1,0.0,0.0,2.0,2.0,4.0,True,False,False
3086,1,3.0,1.0,1.0,2.0,2.0,True,False,False
3087,1,10.0,4.0,2.0,1.0,2.0,True,False,False
3088,1,5.0,3.0,2.0,1.0,4.0,True,False,False
3089,1,0.0,1.0,2.0,2.0,2.0,True,False,False
3090,0,0.0,1.0,1.0,1.0,2.0,False,True,False
3091,0,0.0,3.0,2.0,1.0,3.0,False,False,True
3092,0,15.0,1.0,1.0,2.0,3.0,True,False,False
3094,0,6.0,3.0,2.0,2.0,3.0,True,False,False
3096,0,0.0,1.0,1.0,2.0,3.0,True,False,False
3097,0,0.0,1.0,2.0,2.0,4.0,False,False,True
3098,0,6.0,3.0,2.0,1.0,2.0,True,False,False
3099,1,0.0,3.0,1.0,1.0,1.0,False,True,False
3101,1,5.0,1.0,2.0,1.0,4.0,True,False,False
3102,1,2.0,3.0,1.0,1.0,4.0,True,False,False
3103,0,0.0,0.0,1.0,1.0,1.0,True,False,False
3105,1,0.0,4.0,2.0,1.0,2.0,True,False,False
3107,1,0.0,2.0,2.0,1.0,1.0,True,False,False
3109,1,0.0,1.0,3.0,2.0,2.0,True,False,False
3110,1,10.0,1.0,2.0,3.0,4.0,True,False,False
3111,0,30.0,1.0,3.0,3.0,4.0,True,False,False
3112,0,0.0,1.0,2.0,3.0,2.0,False,False,True
3113,0,5.0,1.0,1.0,2.0,2.0,False,False,True
3118,1,0.0,3.0,1.0,1.0,4.0,True,False,False
3123,0,30.0,1.0,3.0,1.0,4.0,False,False,True
3124,0,2.0,3.0,3.0,1.0,3.0,True,False,False
3126,1,0.0,1.0,2.0,1.0,3.0,False,False,True
3128,0,0.0,3.0,1.0,1.0,4.0,True,False,False
3129,1,20.0,3.0,2.0,1.0,2.0,True,False,False
3130,1,2.0,3.0,3.0,1.0,2.0,True,False,False
3133,0,0.0,3.0,2.0,2.0,4.0,True,False,False
3134,0,10.0,2.0,1.0,2.0,4.0,True,False,False
3135,0,0.0,3.0,2.0,2.0,3.0,False,True,False
3136,0,2.0,1.0,2.0,2.0,2.0,True,False,False
3137,0,2.0,1.0,1.0,3.0,3.0,False,False,True
3138,1,0.0,3.0,2.0,3.0,1.0,True,False,False
3139,0,1.0,1.0,2.0,3.0,2.0,True,False,False
3140,0,0.0,4.0,3.0,1.0,2.0,True,False,False
3142,1,3.0,3.0,1.0,1.0,4.0,True,False,False
3143,1,0.0,4.0,1.0,1.0,4.0,True,False,False
3144,0,3.0,1.0,2.0,1.0,4.0,True,False,False
3145,1,0.0,1.0,1.0,1.0,4.0,True,False,False
3146,1,0.0,3.0,1.0,1.0,2.0,False,True,False
3147,0,3.0,1.0,2.0,1.0,3.0,True,False,False
3148,1,0.0,1.0,3.0,1.0,4.0,True,False,False
3149,1,0.0,1.0,3.0,1.0,2.0,True,False,False
3154,0,0.0,1.0,3.0,1.0,3.0,True,False,False
3155,0,0.0,1.0,1.0,1.0,1.0,True,False,False
3157,0,1.0,3.0,2.0,1.0,1.0,True,False,False
3158,1,3.0,4.0,1.0,1.0,2.0,True,False,False
3159,0,0.0,1.0,3.0,1.0,4.0,True,False,False
3160,0,2.0,1.0,3.0,1.0,3.0,True,False,False
3162,1,2.0,3.0,1.0,1.0,4.0,True,False,False
3165,0,2.0,4.0,3.0,1.0,1.0,True,False,False
3166,0,0.0,3.0,2.0,1.0,2.0,False,True,False
3167,1,2.0,3.0,1.0,1.0,4.0,False,True,False
3169,1,0.0,1.0,1.0,1.0,3.0,True,False,False
3170,0,0.0,4.0,1.0,1.0,2.0,True,False,False
3171,1,0.0,1.0,2.0,1.0,2.0,True,False,False
3172,0,0.0,1.0,2.0,1.0,3.0,False,False,True
3173,0,0.0,3.0,2.0,1.0,2.0,True,False,False
3174,0,0.0,0.0,2.0,1.0,4.0,False,False,True
3175,0,30.0,1.0,3.0,1.0,4.0,True,False,False
3178,0,0.0,3.0,2.0,1.0,3.0,False,False,True
3179,0,0.0,4.0,2.0,1.0,3.0,True,False,False
3180,1,0.0,4.0,1.0,1.0,4.0,True,False,False
3181,0,10.0,1.0,1.0,1.0,4.0,True,False,False
3182,0,5.0,3.0,2.0,1.0,1.0,False,True,False
3185,1,0.0,4.0,2.0,1.0,1.0,True,False,False
3186,1,0.0,1.0,3.0,1.0,1.0,False,True,False
3188,1,0.0,1.0,2.0,1.0,2.0,False,True,False
3197,0,7.0,2.0,1.0,1.0,2.0,True,False,False
3198,1,0.0,4.0,1.0,1.0,4.0,True,False,False
3203,0,14.0,4.0,2.0,1.0,3.0,True,False,False
3204,1,0.0,4.0,1.0,1.0,1.0,True,False,False
3205,1,2.0,3.0,2.0,1.0,2.0,True,False,False
3206,0,0.0,3.0,2.0,1.0,2.0,True,False,False
3207,0,15.0,4.0,1.0,1.0,1.0,True,False,False
3209,1,0.0,3.0,1.0,2.0,1.0,False,True,False
3210,1,0.0,4.0,1.0,1.0,1.0,True,False,False
3213,0,10.0,1.0,2.0,2.0,2.0,False,True,False
3217,1,0.0,4.0,1.0,2.0,3.0,False,True,False
3221,1,0.0,4.0,1.0,1.0,2.0,True,False,False
3223,0,0.0,0.0,3.0,1.0,2.0,False,True,False
3224,1,0.0,4.0,2.0,1.0,2.0,False,True,False
3225,0,0.0,2.0,2.0,1.0,4.0,True,False,False
3226,0,0.0,1.0,1.0,1.0,2.0,True,False,False
3229,1,15.0,1.0,2.0,1.0,1.0,True,False,False
3230,0,0.0,3.0,2.0,1.0,3.0,True,False,False
3231,0,15.0,2.0,2.0,1.0,2.0,True,False,False
3234,0,1.0,3.0,2.0,1.0,4.0,True,False,False
3235,1,6.0,4.0,1.0,1.0,4.0,True,False,False
3237,0,2.0,3.0,1.0,1.0,3.0,True,False,False
3238,1,6.0,3.0,2.0,1.0,4.0,True,False,False
3239,0,5.0,3.0,2.0,1.0,3.0,True,False,False
3241,0,2.0,3.0,2.0,1.0,4.0,True,False,False
3243,0,2.0,1.0,2.0,1.0,3.0,True,False,False
3247,1,0.0,1.0,1.0,1.0,4.0,True,False,False
3250,1,10.0,3.0,2.0,1.0,4.0,False,False,True
3251,1,0.0,4.0,2.0,1.0,2.0,True,False,False
3252,0,2.0,3.0,3.0,1.0,4.0,True,False,False
3253,0,5.0,3.0,2.0,1.0,3.0,True,False,False
3254,0,10.0,4.0,2.0,1.0,3.0,True,False,False
3255,1,0.0,2.0,2.0,2.0,1.0,False,True,False
3257,0,15.0,1.0,3.0,2.0,2.0,False,False,True
3258,0,3.0,4.0,2.0,2.0,3.0,True,False,False
3260,0,2.0,4.0,1.0,1.0,4.0,False,False,True
3261,1,25.0,0.0,1.0,1.0,4.0,True,False,False
3262,1,0.0,1.0,1.0,1.0,2.0,True,False,False
3264,1,0.0,4.0,1.0,1.0,3.0,True,False,False
3267,0,2.0,3.0,2.0,1.0,3.0,True,False,False
3269,0,0.0,1.0,1.0,2.0,2.0,True,False,False
3270,1,0.0,0.0,2.0,2.0,2.0,True,False,False
3274,1,0.0,1.0,3.0,1.0,2.0,False,False,True
3276,1,3.0,1.0,2.0,1.0,2.0,True,False,False
3278,0,0.0,1.0,1.0,1.0,3.0,True,False,False
3279,1,0.0,1.0,1.0,1.0,4.0,True,False,False
3280,1,0.0,2.0,1.0,1.0,2.0,True,False,False
3282,1,0.0,3.0,1.0,1.0,4.0,True,False,False
3283,0,0.0,1.0,2.0,1.0,3.0,True,False,False
3285,1,10.0,2.0,2.0,1.0,1.0,False,False,True
3286,0,10.0,3.0,3.0,2.0,3.0,True,False,False
3288,1,0.0,2.0,1.0,1.0,3.0,True,False,False
3289,0,2.0,1.0,3.0,1.0,3.0,True,False,False
3290,0,0.0,1.0,3.0,1.0,3.0,False,False,True
3291,1,1.0,1.0,2.0,1.0,4.0,True,False,False
3292,1,0.0,4.0,2.0,1.0,2.0,True,False,False
3293,1,0.0,4.0,2.0,1.0,1.0,True,False,False
3294,1,0.0,4.0,1.0,1.0,4.0,False,False,True
3295,0,2.0,3.0,2.0,1.0,4.0,True,False,False
3296,1,0.0,1.0,1.0,2.0,2.0,False,False,True
3297,0,0.0,3.0,2.0,1.0,1.0,True,False,False
3298,1,0.0,3.0,1.0,1.0,1.0,True,False,False
3300,1,0.0,3.0,3.0,2.0,2.0,False,False,True
3305,1,0.0,4.0,1.0,1.0,3.0,True,False,False
3306,0,0.0,1.0,3.0,1.0,3.0,False,True,False
3307,1,2.0,4.0,3.0,2.0,3.0,False,False,True
3308,1,15.0,3.0,2.0,2.0,3.0,True,False,False
3312,0,7.0,1.0,1.0,2.0,1.0,False,False,True
3313,0,5.0,1.0,2.0,2.0,2.0,False,False,True
3314,0,5.0,3.0,2.0,2.0,4.0,False,True,False
3320,0,1.0,3.0,2.0,2.0,3.0,True,False,False
3321,0,0.0,4.0,3.0,2.0,1.0,False,True,False
3326,1,2.0,2.0,1.0,2.0,2.0,True,False,False
3327,1,0.0,3.0,2.0,2.0,4.0,True,False,False
3328,0,5.0,3.0,2.0,2.0,3.0,False,False,True
3329,1,2.0,2.0,2.0,2.0,4.0,True,False,False
3330,0,5.0,3.0,2.0,2.0,4.0,True,False,False
3332,0,4.0,1.0,2.0,1.0,2.0,True,False,False
3333,1,1.0,2.0,3.0,1.0,4.0,False,False,True
3335,1,2.0,3.0,1.0,1.0,3.0,True,False,False
3336,0,0.0,1.0,3.0,1.0,4.0,True,False,False
3338,0,3.0,4.0,2.0,1.0,2.0,False,False,True
3340,1,0.0,4.0,2.0,1.0,2.0,True,False,False
3343,1,5.0,4.0,2.0,1.0,4.0,True,False,False
3344,1,2.0,3.0,1.0,1.0,1.0,False,False,True
3346,0,15.0,1.0,2.0,1.0,4.0,True,False,False
3347,0,1.0,4.0,1.0,1.0,1.0,False,False,True
3348,1,4.0,1.0,2.0,1.0,4.0,False,True,False
3350,0,10.0,1.0,2.0,1.0,4.0,True,False,False
3353,0,3.0,3.0,2.0,1.0,2.0,False,True,False
3355,1,0.0,0.0,2.0,1.0,3.0,True,False,False
3357,1,5.0,3.0,1.0,1.0,2.0,True,False,False
3358,1,0.0,4.0,1.0,1.0,3.0,True,False,False
3359,0,3.0,4.0,2.0,1.0,2.0,True,False,False
3361,0,0.0,3.0,1.0,1.0,2.0,True,False,False
3362,0,15.0,0.0,1.0,2.0,4.0,False,True,False
3363,0,0.0,1.0,1.0,2.0,2.0,False,True,False
3365,1,0.0,0.0,1.0,2.0,3.0,True,False,False
3367,1,0.0,1.0,1.0,1.0,4.0,True,False,False
3368,1,0.0,3.0,1.0,1.0,3.0,False,True,False
3369,1,0.0,3.0,2.0,1.0,2.0,True,False,False
3370,1,0.0,1.0,1.0,1.0,4.0,True,False,False
3371,1,0.0,1.0,1.0,1.0,4.0,False,False,True
3373,1,0.0,4.0,2.0,1.0,1.0,True,False,False
3374,1,2.0,3.0,1.0,1.0,3.0,False,False,True
3375,1,0.0,4.0,2.0,1.0,4.0,True,False,False
3376,1,1.0,3.0,2.0,1.0,4.0,False,True,False
3377,0,0.0,4.0,3.0,1.0,1.0,False,False,True
3378,1,0.0,3.0,1.0,1.0,3.0,True,False,False
3380,1,3.0,3.0,1.0,1.0,2.0,True,False,False
3382,1,0.0,1.0,1.0,1.0,3.0,True,False,False
3385,0,7.0,3.0,1.0,1.0,2.0,True,False,False
3388,1,7.0,1.0,1.0,1.0,1.0,True,False,False
3389,1,0.0,1.0,1.0,1.0,1.0,True,False,False
3390,0,3.0,1.0,3.0,3.0,2.0,True,False,False
3391,1,2.0,1.0,1.0,1.0,4.0,True,False,False
3393,1,0.0,1.0,2.0,1.0,1.0,True,False,False
3394,0,2.0,1.0,1.0,1.0,2.0,True,False,False
3396,0,3.0,1.0,3.0,1.0,3.0,True,False,False
3397,0,0.0,1.0,1.0,2.0,2.0,False,True,False
3399,0,0.0,1.0,1.0,1.0,2.0,False,True,False
3400,1,0.0,4.0,1.0,1.0,2.0,True,False,False
3402,1,0.0,1.0,3.0,2.0,1.0,True,False,False
3404,1,2.0,3.0,2.0,1.0,2.0,True,False,False
3405,1,5.0,1.0,3.0,2.0,2.0,True,False,False
3406,1,5.0,1.0,2.0,2.0,2.0,True,False,False
3407,0,25.0,4.0,3.0,2.0,2.0,True,False,False
3409,0,0.0,3.0,2.0,2.0,2.0,False,True,False
3410,1,0.0,1.0,1.0,2.0,4.0,False,False,True
3411,0,5.0,2.0,3.0,1.0,3.0,True,False,False
3417,1,1.0,3.0,2.0,1.0,1.0,True,False,False
3418,0,1.0,1.0,1.0,1.0,3.0,True,False,False
3419,1,2.0,3.0,2.0,1.0,2.0,True,False,False
3420,0,0.0,1.0,1.0,1.0,2.0,False,False,True
3421,1,0.0,3.0,2.0,1.0,2.0,True,False,False
3422,1,0.0,2.0,1.0,1.0,2.0,True,False,False
3425,1,1.0,3.0,1.0,1.0,3.0,True,False,False
3426,0,20.0,4.0,1.0,1.0,4.0,True,False,False
3428,1,0.0,1.0,1.0,1.0,4.0,True,False,False
3429,0,2.0,3.0,1.0,2.0,3.0,False,False,True
3430,1,0.0,3.0,2.0,2.0,3.0,False,False,True
3431,0,1.0,1.0,2.0,2.0,4.0,True,False,False
3433,1,0.0,3.0,2.0,1.0,3.0,True,False,False
3435,1,0.0,3.0,1.0,1.0,3.0,True,False,False
3437,0,10.0,4.0,1.0,2.0,4.0,True,False,False
3438,0,3.0,3.0,2.0,2.0,3.0,True,False,False
3439,1,5.0,4.0,1.0,2.0,3.0,True,False,False
3440,0,0.0,1.0,2.0,2.0,3.0,False,True,False
3442,0,0.0,1.0,3.0,3.0,3.0,False,True,False
3444,0,2.0,1.0,1.0,2.0,2.0,False,True,False
3445,0,0.0,1.0,2.0,2.0,2.0,False,True,False
3447,0,10.0,4.0,3.0,2.0,4.0,True,False,False
3448,0,0.0,1.0,3.0,2.0,4.0,True,False,False
3449,0,8.0,1.0,2.0,2.0,3.0,False,False,True
3450,0,14.0,1.0,3.0,3.0,3.0,True,False,False
3451,1,30.0,1.0,2.0,2.0,3.0,True,False,False
3452,0,0.0,0.0,2.0,2.0,4.0,False,False,True
3453,1,0.0,3.0,3.0,2.0,4.0,False,False,True
3454,0,0.0,2.0,3.0,1.0,2.0,False,True,False
3455,0,25.0,3.0,3.0,1.0,1.0,False,True,False
3456,1,0.0,1.0,1.0,1.0,2.0,False,True,False
3457,0,4.0,0.0,1.0,2.0,3.0,False,False,True
3458,0,0.0,3.0,3.0,3.0,1.0,False,True,False
3459,0,0.0,1.0,2.0,2.0,4.0,False,True,False
3460,1,0.0,1.0,3.0,2.0,1.0,False,True,False
3462,1,0.0,1.0,1.0,1.0,3.0,True,False,False
3463,0,0.0,1.0,1.0,2.0,3.0,False,False,True
3465,1,0.0,4.0,1.0,2.0,2.0,False,True,False
3466,0,0.0,1.0,2.0,2.0,2.0,False,False,True
3469,1,0.0,1.0,2.0,1.0,1.0,True,False,False
3474,1,0.0,1.0,1.0,1.0,2.0,True,False,False
3476,0,0.0,0.0,1.0,2.0,2.0,False,False,True
3477,1,3.0,0.0,2.0,2.0,3.0,False,False,True
3478,0,0.0,0.0,1.0,3.0,2.0,False,False,True
3479,0,0.0,0.0,3.0,2.0,2.0,False,False,True
3488,0,2.0,1.0,3.0,2.0,2.0,False,True,False
3489,0,2.0,4.0,1.0,1.0,3.0,True,False,False
3490,1,0.0,1.0,1.0,2.0,1.0,False,False,True
3492,0,0.0,1.0,3.0,1.0,4.0,True,False,False
3494,0,7.0,4.0,2.0,1.0,4.0,False,True,False
3500,0,0.0,1.0,3.0,1.0,3.0,False,True,False
3501,0,0.0,4.0,2.0,1.0,2.0,False,True,False
3502,0,0.0,1.0,1.0,2.0,2.0,False,True,False
3503,1,0.0,1.0,1.0,2.0,2.0,False,False,True
3505,0,10.0,1.0,3.0,2.0,2.0,False,True,False
3506,1,0.0,1.0,2.0,1.0,3.0,True,False,False
3507,1,0.0,3.0,1.0,1.0,4.0,True,False,False
3508,0,0.0,1.0,2.0,2.0,4.0,False,True,False
3509,1,0.0,2.0,1.0,2.0,4.0,True,False,False
3510,1,0.0,1.0,2.0,1.0,2.0,True,False,False
3513,1,3.0,1.0,1.0,1.0,1.0,True,False,False
3514,1,2.0,0.0,2.0,2.0,3.0,True,False,False
3518,0,0.0,1.0,2.0,3.0,3.0,False,False,True
3519,0,2.0,4.0,2.0,3.0,4.0,False,True,False
3520,0,3.0,3.0,2.0,3.0,4.0,False,True,False
3521,0,0.0,1.0,3.0,3.0,2.0,False,True,False
3523,1,0.0,1.0,2.0,2.0,1.0,False,True,False
3524,1,0.0,1.0,1.0,1.0,4.0,True,False,False
3526,0,0.0,1.0,3.0,2.0,4.0,False,True,False
3528,0,0.0,1.0,3.0,1.0,4.0,False,True,False
3530,1,5.0,1.0,2.0,2.0,2.0,False,False,True
3531,1,0.0,3.0,1.0,2.0,2.0,False,True,False
3532,1,0.0,3.0,2.0,2.0,2.0,False,True,False
3533,0,0.0,2.0,1.0,2.0,2.0,True,False,False
3534,0,7.0,3.0,2.0,2.0,2.0,False,True,False
3536,0,5.0,1.0,2.0,2.0,2.0,True,False,False
3537,1,0.0,3.0,2.0,2.0,2.0,False,True,False
3538,1,0.0,1.0,1.0,1.0,2.0,True,False,False
3539,0,0.0,1.0,2.0,1.0,3.0,True,False,False
3541,1,0.0,2.0,2.0,1.0,2.0,True,False,False
3542,0,25.0,1.0,2.0,1.0,4.0,True,False,False
3543,0,0.0,1.0,2.0,2.0,3.0,False,True,False
3545,1,0.0,1.0,3.0,2.0,1.0,False,False,True
3547,1,0.0,1.0,3.0,2.0,3.0,False,True,False
3548,1,0.0,3.0,1.0,2.0,1.0,False,True,False
3549,1,0.0,2.0,1.0,2.0,4.0,False,True,False
3551,1,0.0,1.0,2.0,1.0,3.0,True,False,False
3554,1,2.0,1.0,3.0,2.0,2.0,False,False,True
3555,0,0.0,1.0,3.0,2.0,4.0,False,True,False
3557,1,0.0,1.0,3.0,1.0,4.0,False,True,False
3558,0,30.0,1.0,3.0,1.0,3.0,False,True,False
3559,0,0.0,4.0,3.0,1.0,1.0,False,True,False
3561,1,0.0,1.0,2.0,1.0,3.0,True,False,False
3562,0,20.0,1.0,3.0,1.0,2.0,False,False,True
3564,0,30.0,1.0,2.0,2.0,2.0,True,False,False
3565,0,0.0,3.0,2.0,1.0,2.0,True,False,False
3567,1,0.0,1.0,1.0,1.0,2.0,False,False,True
3570,0,0.0,0.0,2.0,1.0,2.0,True,False,False
3572,0,3.0,1.0,2.0,1.0,2.0,True,False,False
3573,1,0.0,1.0,1.0,2.0,1.0,True,False,False
3574,0,0.0,1.0,2.0,2.0,2.0,True,False,False
3577,0,0.0,0.0,2.0,2.0,3.0,True,False,False
3579,0,0.0,4.0,1.0,2.0,2.0,True,False,False
3581,1,0.0,0.0,3.0,2.0,1.0,False,True,False
3582,1,3.0,4.0,2.0,1.0,2.0,True,False,False
3584,1,0.0,4.0,1.0,1.0,2.0,True,False,False
3585,1,0.0,4.0,2.0,1.0,4.0,True,False,False
3586,1,0.0,4.0,2.0,2.0,2.0,True,False,False
3588,0,0.0,3.0,1.0,2.0,2.0,False,True,False
3592,0,0.0,2.0,3.0,2.0,1.0,False,True,False
3593,0,0.0,1.0,2.0,1.0,3.0,False,True,False
3594,0,0.0,1.0,3.0,3.0,4.0,False,True,False
3595,0,0.0,1.0,3.0,3.0,3.0,False,True,False
3596,0,5.0,1.0,2.0,3.0,4.0,False,True,False
3597,1,0.0,2.0,2.0,3.0,1.0,False,True,False
3598,0,0.0,1.0,3.0,3.0,2.0,False,True,False
3600,1,8.0,0.0,2.0,2.0,3.0,True,False,False
3601,0,1.0,1.0,2.0,1.0,4.0,True,False,False
3602,1,1.0,1.0,1.0,2.0,2.0,True,False,False
3604,0,0.0,1.0,1.0,1.0,2.0,True,False,False
3605,1,0.0,1.0,2.0,1.0,2.0,False,True,False
3606,0,0.0,4.0,2.0,1.0,4.0,True,False,False
3607,1,10.0,1.0,2.0,1.0,4.0,True,False,False
3608,0,1.0,3.0,1.0,1.0,2.0,False,True,False
3609,1,0.0,0.0,2.0,1.0,3.0,True,False,False
3610,0,10.0,1.0,2.0,1.0,3.0,True,False,False
3611,0,0.0,1.0,2.0,1.0,3.0,True,False,False
3612,1,0.0,1.0,2.0,1.0,1.0,False,True,False
3613,0,30.0,3.0,3.0,1.0,2.0,True,False,False
3614,0,0.0,1.0,2.0,1.0,3.0,False,True,False
3615,0,0.0,1.0,1.0,1.0,3.0,False,True,False
3616,0,14.0,1.0,2.0,1.0,3.0,False,True,False
3618,0,1.0,1.0,1.0,2.0,4.0,True,False,False
3620,0,16.0,1.0,3.0,3.0,2.0,False,False,True
3621,0,0.0,1.0,2.0,2.0,4.0,True,False,False
3622,0,1.0,1.0,3.0,3.0,4.0,True,False,False
3623,1,0.0,3.0,2.0,2.0,2.0,True,False,False
3628,1,7.0,3.0,1.0,1.0,4.0,True,False,False
3630,1,3.0,2.0,2.0,1.0,3.0,False,False,True
3631,0,0.0,1.0,1.0,1.0,3.0,True,False,False
3632,0,2.0,3.0,2.0,1.0,4.0,True,False,False
3634,0,0.0,1.0,2.0,3.0,3.0,True,False,False
3635,0,2.0,1.0,2.0,3.0,2.0,True,False,False
3636,0,5.0,3.0,1.0,2.0,4.0,True,False,False
3637,0,0.0,3.0,1.0,2.0,2.0,True,False,False
3640,0,0.0,1.0,3.0,3.0,2.0,True,False,False
3641,1,5.0,2.0,2.0,3.0,4.0,True,False,False
3642,0,5.0,2.0,2.0,2.0,3.0,True,False,False
3644,0,0.0,0.0,1.0,3.0,4.0,True,False,False
3645,1,3.0,3.0,2.0,2.0,4.0,True,False,False
3647,1,0.0,3.0,2.0,2.0,3.0,True,False,False
3648,0,0.0,1.0,1.0,2.0,1.0,True,False,False
3650,0,0.0,2.0,2.0,2.0,3.0,True,False,False
3651,0,1.0,1.0,2.0,2.0,2.0,True,False,False
3652,1,0.0,1.0,3.0,1.0,4.0,True,False,False
3653,1,0.0,1.0,3.0,1.0,1.0,True,False,False
3654,0,0.0,0.0,2.0,1.0,2.0,False,False,True
3655,1,22.0,1.0,2.0,1.0,4.0,True,False,False
3656,0,12.0,2.0,2.0,1.0,4.0,True,False,False
3659,0,5.0,1.0,2.0,2.0,4.0,True,False,False
3660,1,0.0,1.0,2.0,2.0,2.0,False,True,False
3662,0,5.0,2.0,3.0,2.0,1.0,False,True,False
3663,0,0.0,1.0,3.0,3.0,2.0,False,False,True
3664,1,25.0,1.0,2.0,2.0,4.0,False,True,False
3665,0,3.0,1.0,1.0,3.0,3.0,True,False,False
3667,1,0.0,0.0,2.0,3.0,4.0,False,False,True
3668,1,7.0,1.0,2.0,2.0,1.0,True,False,False
3670,1,4.0,3.0,3.0,2.0,2.0,True,False,False
3671,1,5.0,0.0,3.0,2.0,2.0,False,False,True
3673,1,0.0,4.0,2.0,2.0,4.0,True,False,False
3674,1,1.0,1.0,2.0,2.0,2.0,False,False,True
3675,0,4.0,2.0,2.0,3.0,4.0,False,False,True
3677,0,0.0,3.0,2.0,2.0,4.0,True,False,False
3678,0,30.0,3.0,2.0,2.0,4.0,True,False,False
3679,1,7.0,3.0,3.0,3.0,1.0,False,True,False
3680,1,0.0,1.0,3.0,1.0,1.0,False,False,True
3681,0,1.0,1.0,3.0,1.0,1.0,False,True,False
3682,0,0.0,1.0,2.0,2.0,1.0,True,False,False
3687,0,0.0,4.0,1.0,2.0,3.0,True,False,False
3693,0,2.0,1.0,2.0,1.0,3.0,True,False,False
3694,1,0.0,3.0,2.0,1.0,3.0,True,False,False
3695,0,0.0,3.0,2.0,1.0,2.0,True,False,False
3697,1,0.0,3.0,1.0,1.0,4.0,True,False,False
3699,0,0.0,1.0,2.0,1.0,4.0,True,False,False
3700,1,0.0,1.0,3.0,1.0,3.0,True,False,False
3702,1,0.0,3.0,1.0,1.0,3.0,True,False,False
3705,0,12.0,2.0,2.0,2.0,4.0,False,False,True
3706,1,0.0,0.0,1.0,2.0,1.0,True,False,False
3707,1,0.0,0.0,2.0,3.0,2.0,False,False,True
3708,0,0.0,1.0,3.0,3.0,4.0,True,False,False
3709,0,0.0,1.0,3.0,3.0,4.0,True,False,False
3711,1,0.0,1.0,2.0,3.0,2.0,True,False,False
3713,1,0.0,1.0,2.0,3.0,4.0,False,False,True
3714,1,0.0,2.0,1.0,2.0,4.0,True,False,False
3715,0,3.0,1.0,2.0,3.0,2.0,True,False,False
3716,1,0.0,2.0,2.0,2.0,2.0,True,False,False
3720,0,0.0,3.0,2.0,2.0,2.0,False,False,True
3721,0,0.0,1.0,2.0,2.0,3.0,True,False,False
3722,1,5.0,2.0,1.0,1.0,2.0,True,False,False
3725,1,0.0,3.0,1.0,1.0,1.0,False,True,False
3727,0,0.0,3.0,2.0,1.0,4.0,False,True,False
3728,1,0.0,3.0,2.0,1.0,4.0,True,False,False
3729,1,0.0,1.0,2.0,1.0,4.0,True,False,False
3731,1,0.0,1.0,1.0,2.0,1.0,False,True,False
3733,0,0.0,1.0,3.0,3.0,3.0,True,False,False
3735,0,0.0,1.0,1.0,1.0,4.0,True,False,False
3737,0,0.0,0.0,2.0,3.0,4.0,False,True,False
3739,1,3.0,3.0,1.0,1.0,2.0,True,False,False
3742,0,0.0,3.0,2.0,1.0,3.0,True,False,False
3743,1,0.0,3.0,1.0,1.0,1.0,True,False,False
3744,1,0.0,4.0,1.0,1.0,4.0,True,False,False
3746,1,0.0,4.0,1.0,1.0,4.0,True,False,False
3748,1,3.0,3.0,1.0,1.0,1.0,True,False,False
3749,0,30.0,1.0,3.0,1.0,2.0,True,False,False
3750,1,0.0,3.0,2.0,1.0,1.0,True,False,False
3751,1,10.0,2.0,2.0,1.0,3.0,True,False,False
3752,0,30.0,1.0,3.0,1.0,2.0,True,False,False
3753,0,0.0,3.0,1.0,1.0,3.0,True,False,False
3756,0,10.0,3.0,2.0,1.0,2.0,True,False,False
3758,0,0.0,3.0,3.0,1.0,2.0,True,False,False
3760,0,10.0,1.0,3.0,2.0,2.0,False,True,False
3761,0,0.0,1.0,2.0,2.0,3.0,False,True,False
3762,0,0.0,0.0,2.0,2.0,4.0,False,True,False
3766,0,0.0,1.0,1.0,2.0,4.0,True,False,False
3768,0,3.0,1.0,3.0,1.0,4.0,True,False,False
3769,0,30.0,1.0,3.0,1.0,3.0,True,False,False
3770,0,0.0,1.0,1.0,4.0,1.0,False,True,False
3773,0,8.0,1.0,1.0,4.0,3.0,False,True,False
3779,1,0.0,1.0,3.0,2.0,3.0,True,False,False
3780,0,0.0,1.0,2.0,3.0,4.0,True,False,False
3781,0,30.0,1.0,3.0,2.0,4.0,True,False,False
3782,1,4.0,1.0,2.0,2.0,3.0,True,False,False
3783,0,30.0,1.0,2.0,2.0,4.0,True,False,False
3784,1,2.0,1.0,2.0,1.0,2.0,True,False,False
3788,0,30.0,1.0,3.0,2.0,3.0,True,False,False
3789,0,0.0,1.0,2.0,2.0,2.0,True,False,False
3790,1,0.0,3.0,2.0,2.0,3.0,True,False,False
3791,0,0.0,3.0,2.0,2.0,2.0,True,False,False
3792,1,0.0,1.0,1.0,2.0,2.0,True,False,False
3793,1,3.0,3.0,2.0,2.0,2.0,True,False,False
3794,1,0.0,1.0,2.0,1.0,4.0,True,False,False
3795,1,0.0,4.0,1.0,1.0,2.0,True,False,False
3800,1,0.0,3.0,2.0,1.0,1.0,True,False,False
3801,1,5.0,2.0,3.0,1.0,2.0,True,False,False
3803,1,0.0,4.0,1.0,1.0,4.0,True,False,False
3804,1,0.0,4.0,1.0,1.0,1.0,True,False,False
3805,0,1.0,1.0,2.0,1.0,3.0,True,False,False
3807,0,3.0,2.0,2.0,1.0,2.0,False,True,False
3811,1,0.0,1.0,2.0,1.0,4.0,False,True,False
3814,1,0.0,1.0,2.0,1.0,3.0,False,False,True
3815,1,0.0,1.0,3.0,1.0,2.0,False,True,False
3816,0,4.0,2.0,2.0,2.0,3.0,True,False,False
3818,0,0.0,3.0,2.0,1.0,2.0,True,False,False
3819,0,12.0,3.0,2.0,2.0,4.0,True,False,False
3820,0,0.0,0.0,3.0,3.0,3.0,True,False,False
3826,1,0.0,0.0,1.0,1.0,3.0,False,False,True
3827,1,2.0,3.0,3.0,1.0,2.0,True,False,False
3828,0,0.0,3.0,1.0,1.0,3.0,True,False,False
3829,1,2.0,1.0,2.0,1.0,2.0,False,True,False
3831,1,5.0,1.0,1.0,1.0,2.0,True,False,False
3832,1,30.0,1.0,2.0,1.0,2.0,True,False,False
3833,0,0.0,1.0,2.0,2.0,3.0,False,False,True
3834,0,4.0,1.0,2.0,2.0,2.0,False,True,False
3835,0,0.0,1.0,2.0,1.0,2.0,False,True,False
3836,0,30.0,0.0,3.0,3.0,2.0,False,False,True
3837,1,2.0,1.0,2.0,3.0,1.0,True,False,False
3838,0,10.0,1.0,2.0,3.0,2.0,True,False,False
3839,0,0.0,0.0,3.0,1.0,4.0,True,False,False
3840,0,0.0,2.0,3.0,3.0,3.0,False,True,False
3841,0,0.0,1.0,3.0,2.0,2.0,True,False,False
3843,1,0.0,3.0,1.0,1.0,2.0,True,False,False
3844,0,2.0,1.0,1.0,1.0,2.0,True,False,False
3846,1,5.0,4.0,2.0,1.0,4.0,True,False,False
3847,1,0.0,3.0,2.0,1.0,2.0,True,False,False
3848,1,2.0,3.0,1.0,1.0,3.0,True,False,False
3851,1,4.0,3.0,2.0,1.0,3.0,True,False,False
3852,0,0.0,4.0,1.0,1.0,2.0,True,False,False
3853,0,20.0,3.0,1.0,1.0,4.0,True,False,False
3854,1,7.0,3.0,1.0,1.0,3.0,True,False,False
3855,1,20.0,1.0,1.0,1.0,4.0,True,False,False
3856,1,30.0,1.0,3.0,1.0,4.0,True,False,False
3858,0,15.0,1.0,2.0,2.0,3.0,True,False,False
3861,0,4.0,1.0,3.0,2.0,3.0,True,False,False
3862,0,1.0,1.0,3.0,2.0,3.0,True,False,False
3864,0,2.0,1.0,2.0,3.0,4.0,True,False,False
3865,0,30.0,1.0,3.0,2.0,4.0,True,False,False
3866,0,3.0,1.0,2.0,2.0,3.0,True,False,False
3867,1,1.0,2.0,2.0,1.0,3.0,True,False,False
3870,0,30.0,3.0,2.0,2.0,1.0,True,False,False
3871,0,0.0,3.0,1.0,2.0,4.0,False,False,True
3872,0,0.0,4.0,2.0,2.0,1.0,False,False,True
3873,0,0.0,3.0,2.0,2.0,4.0,False,True,False
3874,1,3.0,3.0,2.0,1.0,4.0,True,False,False
3875,0,0.0,3.0,3.0,1.0,3.0,True,False,False
3876,0,0.0,4.0,1.0,2.0,4.0,False,False,True
3877,0,29.0,1.0,1.0,2.0,4.0,True,False,False
3878,0,0.0,1.0,1.0,2.0,4.0,False,True,False
3879,1,2.0,3.0,1.0,1.0,2.0,True,False,False
3880,1,15.0,4.0,2.0,1.0,1.0,True,False,False
3881,0,2.0,3.0,1.0,1.0,2.0,True,False,False
3882,1,0.0,2.0,2.0,1.0,2.0,True,False,False
3884,0,0.0,1.0,3.0,2.0,1.0,False,True,False
3885,1,0.0,1.0,1.0,2.0,2.0,False,False,True
3887,0,15.0,2.0,3.0,2.0,3.0,False,True,False
3888,0,2.0,1.0,2.0,2.0,3.0,True,False,False
3891,1,0.0,3.0,1.0,1.0,2.0,True,False,False
3892,0,0.0,2.0,1.0,1.0,3.0,True,False,False
3893,0,30.0,1.0,1.0,1.0,1.0,True,False,False
3895,0,0.0,1.0,2.0,1.0,4.0,True,False,False
3896,0,2.0,3.0,2.0,1.0,1.0,True,False,False
3897,0,0.0,1.0,1.0,1.0,4.0,True,False,False
3899,0,0.0,1.0,2.0,1.0,1.0,True,False,False
3900,0,15.0,3.0,3.0,2.0,4.0,True,False,False
3901,0,0.0,2.0,2.0,2.0,2.0,True,False,False
3902,0,3.0,0.0,2.0,2.0,3.0,True,False,False
3904,0,2.0,3.0,2.0,2.0,4.0,True,False,False
3906,1,2.0,4.0,1.0,1.0,3.0,True,False,False
3907,0,0.0,3.0,2.0,1.0,3.0,True,False,False
3909,1,0.0,4.0,2.0,1.0,1.0,False,False,True
3910,0,0.0,1.0,2.0,1.0,4.0,True,False,False
3911,0,14.0,3.0,3.0,2.0,3.0,False,False,True
3918,0,0.0,1.0,2.0,1.0,1.0,True,False,False
3920,0,18.0,1.0,2.0,2.0,3.0,True,False,False
3923,0,0.0,0.0,1.0,1.0,1.0,True,False,False
3924,1,0.0,1.0,2.0,2.0,2.0,True,False,False
3925,1,0.0,1.0,3.0,2.0,2.0,True,False,False
3926,1,2.0,1.0,2.0,2.0,3.0,True,False,False
3927,0,3.0,1.0,2.0,2.0,3.0,True,False,False
3928,0,10.0,0.0,3.0,2.0,1.0,True,False,False
3930,0,0.0,1.0,2.0,2.0,4.0,True,False,False
3931,1,0.0,1.0,2.0,2.0,2.0,False,False,True
3932,0,0.0,1.0,3.0,2.0,1.0,True,False,False
3934,0,0.0,2.0,1.0,1.0,4.0,True,False,False
3935,0,0.0,1.0,2.0,1.0,2.0,False,False,True
3936,0,0.0,2.0,3.0,2.0,3.0,False,True,False
3940,0,0.0,1.0,2.0,1.0,2.0,False,True,False
3941,1,0.0,1.0,2.0,1.0,4.0,True,False,False
3942,1,0.0,3.0,2.0,1.0,2.0,True,False,False
3944,1,0.0,3.0,2.0,1.0,3.0,True,False,False
3945,0,0.0,0.0,3.0,1.0,3.0,True,False,False
3947,0,0.0,1.0,2.0,2.0,2.0,True,False,False
3948,0,7.0,1.0,3.0,4.0,4.0,True,False,False
3949,0,0.0,0.0,2.0,4.0,2.0,False,False,True
3950,1,0.0,1.0,1.0,3.0,3.0,True,False,False
3951,0,0.0,1.0,3.0,2.0,2.0,True,False,False
3952,0,5.0,3.0,1.0,1.0,2.0,True,False,False
3955,1,0.0,1.0,2.0,2.0,2.0,True,False,False
3956,1,0.0,4.0,1.0,2.0,3.0,True,False,False
3957,1,0.0,3.0,2.0,2.0,4.0,True,False,False
3958,1,0.0,4.0,1.0,2.0,2.0,False,False,True
3959,1,1.0,3.0,1.0,2.0,2.0,True,False,False
3961,1,0.0,1.0,2.0,2.0,3.0,True,False,False
3962,0,2.0,3.0,2.0,2.0,4.0,True,False,False
3963,1,10.0,1.0,2.0,3.0,2.0,True,False,False
3964,0,5.0,3.0,2.0,2.0,4.0,True,False,False
3965,0,0.0,1.0,2.0,3.0,2.0,False,True,False
3968,0,14.0,0.0,2.0,2.0,4.0,True,False,False
3969,0,15.0,1.0,2.0,3.0,3.0,True,False,False
3970,0,30.0,1.0,3.0,3.0,4.0,True,False,False
3971,0,0.0,1.0,3.0,2.0,4.0,True,False,False
3972,0,0.0,1.0,2.0,1.0,3.0,False,True,False
3973,1,2.0,1.0,1.0,1.0,3.0,False,True,False
3974,1,0.0,2.0,2.0,1.0,3.0,True,False,False
3976,1,5.0,3.0,3.0,1.0,4.0,True,False,False
3977,1,3.0,1.0,2.0,1.0,1.0,True,False,False
3979,0,30.0,1.0,2.0,1.0,4.0,True,False,False
3980,1,4.0,1.0,2.0,2.0,2.0,True,False,False
3981,1,0.0,1.0,1.0,1.0,4.0,True,False,False
3983,0,15.0,1.0,3.0,2.0,2.0,False,True,False
3985,0,0.0,1.0,3.0,2.0,4.0,False,True,False
3987,0,2.0,1.0,2.0,1.0,4.0,False,False,True
3988,0,0.0,1.0,3.0,2.0,1.0,False,False,True
3989,0,15.0,2.0,3.0,1.0,4.0,True,False,False
3991,0,3.0,1.0,1.0,2.0,4.0,True,False,False
3992,1,0.0,3.0,1.0,1.0,1.0,True,False,False
3993,0,10.0,1.0,1.0,1.0,3.0,True,False,False
3995,0,5.0,3.0,3.0,1.0,2.0,True,False,False
3997,0,3.0,1.0,3.0,3.0,3.0,False,True,False
4000,1,0.0,3.0,1.0,1.0,2.0,True,False,False
4001,1,0.0,4.0,2.0,1.0,1.0,True,False,False
4003,1,0.0,0.0,1.0,1.0,2.0,True,False,False
4004,1,2.0,1.0,3.0,1.0,4.0,False,False,True
4008,0,0.0,2.0,1.0,2.0,2.0,False,True,False
4009,0,0.0,1.0,2.0,2.0,3.0,True,False,False
4011,0,6.0,4.0,2.0,2.0,4.0,False,False,True
4014,0,0.0,1.0,1.0,2.0,2.0,False,False,True
4015,0,3.0,0.0,3.0,1.0,3.0,True,False,False
4016,0,15.0,3.0,2.0,2.0,3.0,True,False,False
4020,1,0.0,1.0,2.0,2.0,1.0,False,True,False
4021,0,1.0,1.0,2.0,2.0,3.0,False,True,False
4022,0,30.0,3.0,3.0,1.0,3.0,False,False,True
4023,0,5.0,1.0,2.0,1.0,4.0,False,False,True
4024,1,0.0,2.0,1.0,1.0,1.0,True,False,False
4026,1,0.0,3.0,1.0,1.0,2.0,False,False,True
4030,1,0.0,4.0,1.0,2.0,3.0,True,False,False
4031,1,0.0,3.0,2.0,1.0,3.0,True,False,False
4036,1,0.0,3.0,1.0,1.0,3.0,True,False,False
4037,0,0.0,3.0,2.0,1.0,1.0,True,False,False
4038,0,4.0,1.0,2.0,1.0,4.0,True,False,False
4040,1,4.0,3.0,2.0,1.0,3.0,False,True,False
4041,0,0.0,3.0,3.0,1.0,4.0,False,False,True
4043,1,0.0,1.0,2.0,2.0,1.0,True,False,False
4047,1,30.0,1.0,2.0,2.0,4.0,True,False,False
4048,0,3.0,1.0,2.0,2.0,3.0,True,False,False
4049,1,2.0,1.0,1.0,2.0,2.0,True,False,False
4055,1,0.0,1.0,1.0,1.0,1.0,True,False,False
4056,1,1.0,3.0,1.0,1.0,2.0,True,False,False
4057,1,0.0,2.0,2.0,1.0,2.0,True,False,False
4059,0,1.0,1.0,1.0,1.0,4.0,True,False,False
4063,0,3.0,3.0,2.0,1.0,3.0,True,False,False
4066,0,30.0,0.0,3.0,3.0,2.0,True,False,False
4067,1,7.0,1.0,2.0,3.0,3.0,True,False,False
4068,1,0.0,4.0,2.0,3.0,3.0,True,False,False
4070,1,0.0,3.0,2.0,2.0,2.0,True,False,False
4073,0,4.0,1.0,2.0,3.0,2.0,True,False,False
4078,0,0.0,1.0,1.0,4.0,4.0,True,False,False
4079,0,0.0,1.0,2.0,3.0,4.0,True,False,False
4080,0,1.0,3.0,2.0,3.0,4.0,False,False,True
4081,0,7.0,1.0,3.0,2.0,4.0,False,False,True
4083,1,0.0,1.0,1.0,2.0,1.0,True,False,False
4084,0,15.0,1.0,2.0,2.0,4.0,True,False,False
4085,1,0.0,1.0,1.0,1.0,2.0,True,False,False
4087,1,1.0,3.0,1.0,1.0,1.0,True,False,False
4088,0,0.0,1.0,2.0,1.0,2.0,True,False,False
4089,0,2.0,0.0,3.0,1.0,4.0,True,False,False
4091,1,30.0,1.0,1.0,1.0,1.0,True,False,False
4092,0,0.0,4.0,1.0,1.0,4.0,False,True,False
4094,0,5.0,1.0,1.0,1.0,3.0,True,False,False
4095,1,0.0,0.0,3.0,1.0,2.0,True,False,False
4096,0,0.0,2.0,2.0,1.0,2.0,True,False,False
4097,0,20.0,1.0,2.0,1.0,1.0,True,False,False
4098,0,0.0,1.0,3.0,1.0,3.0,False,True,False
4099,1,0.0,2.0,1.0,2.0,2.0,True,False,False
4100,0,1.0,1.0,3.0,2.0,4.0,True,False,False
4101,0,3.0,1.0,3.0,3.0,2.0,True,False,False
4102,0,30.0,3.0,2.0,3.0,2.0,True,False,False
4104,0,0.0,1.0,2.0,2.0,3.0,True,False,False
4105,0,0.0,1.0,1.0,2.0,2.0,False,False,True
4107,1,0.0,4.0,1.0,2.0,2.0,True,False,False
4109,0,0.0,3.0,3.0,2.0,3.0,True,False,False
4110,0,3.0,3.0,2.0,1.0,3.0,True,False,False
4111,0,3.0,1.0,2.0,1.0,2.0,True,False,False
4113,0,0.0,1.0,1.0,2.0,3.0,False,True,False
4115,0,0.0,0.0,1.0,2.0,3.0,True,False,False
4117,0,0.0,1.0,3.0,1.0,4.0,False,False,True
4120,1,2.0,1.0,1.0,1.0,4.0,True,False,False
4121,1,0.0,1.0,2.0,1.0,3.0,True,False,False
4122,1,0.0,1.0,2.0,1.0,4.0,True,False,False
4124,0,0.0,1.0,1.0,2.0,2.0,True,False,False
4126,1,0.0,3.0,1.0,1.0,4.0,True,False,False
4127,0,0.0,3.0,2.0,1.0,3.0,True,False,False
4129,1,2.0,3.0,2.0,1.0,4.0,True,False,False
4131,0,10.0,3.0,2.0,1.0,4.0,True,False,False
4132,0,5.0,3.0,3.0,1.0,2.0,True,False,False
4133,0,3.0,2.0,2.0,1.0,2.0,True,False,False
4135,0,0.0,2.0,2.0,1.0,2.0,False,False,True
4138,0,0.0,1.0,2.0,2.0,3.0,True,False,False
4139,0,0.0,1.0,2.0,2.0,3.0,True,False,False
4140,0,2.0,1.0,2.0,2.0,4.0,True,False,False
4141,0,0.0,3.0,2.0,2.0,4.0,True,False,False
4143,0,0.0,0.0,1.0,3.0,2.0,False,False,True
4145,0,10.0,3.0,2.0,2.0,4.0,True,False,False
4146,0,0.0,1.0,3.0,2.0,4.0,True,False,False
4147,1,0.0,3.0,2.0,2.0,3.0,True,False,False
4148,1,15.0,2.0,1.0,2.0,2.0,True,False,False
4149,1,0.0,3.0,1.0,1.0,3.0,True,False,False
4150,1,15.0,1.0,3.0,2.0,3.0,True,False,False
4151,0,0.0,1.0,2.0,1.0,3.0,True,False,False
4153,1,2.0,4.0,2.0,1.0,4.0,True,False,False
4155,0,0.0,2.0,2.0,1.0,2.0,True,False,False
4156,1,0.0,1.0,1.0,2.0,4.0,True,False,False
4158,0,0.0,1.0,1.0,2.0,3.0,True,False,False
4159,1,0.0,1.0,2.0,1.0,3.0,True,False,False
4160,0,0.0,1.0,2.0,2.0,4.0,True,False,False
4161,0,0.0,0.0,1.0,2.0,3.0,True,False,False
4165,0,3.0,0.0,2.0,3.0,4.0,False,True,False
4167,0,5.0,3.0,1.0,1.0,2.0,True,False,False
4170,0,0.0,3.0,2.0,1.0,2.0,True,False,False
4171,0,0.0,1.0,2.0,1.0,3.0,True,False,False
4175,0,3.0,3.0,2.0,1.0,4.0,False,True,False
4177,0,0.0,1.0,3.0,1.0,2.0,False,True,False
4178,0,5.0,0.0,2.0,2.0,4.0,False,True,False
4180,0,10.0,1.0,3.0,1.0,2.0,False,True,False
4181,1,0.0,2.0,2.0,1.0,2.0,True,False,False
4182,1,0.0,3.0,2.0,1.0,2.0,True,False,False
4183,0,0.0,1.0,2.0,1.0,2.0,False,True,False
4184,0,1.0,3.0,1.0,1.0,2.0,True,False,False
4186,1,30.0,2.0,3.0,1.0,1.0,True,False,False
4188,1,10.0,1.0,2.0,1.0,4.0,True,False,False
4191,0,3.0,2.0,2.0,1.0,2.0,True,False,False
4194,1,3.0,1.0,2.0,1.0,2.0,True,False,False
4196,1,0.0,1.0,1.0,1.0,4.0,True,False,False
4198,1,5.0,3.0,2.0,1.0,4.0,True,False,False
4200,0,20.0,4.0,1.0,1.0,3.0,True,False,False
4202,1,0.0,0.0,1.0,1.0,1.0,False,False,True
4204,0,0.0,3.0,2.0,1.0,3.0,True,False,False
4205,1,0.0,1.0,2.0,1.0,2.0,True,False,False
4209,0,0.0,2.0,2.0,1.0,4.0,True,False,False
4211,0,0.0,1.0,1.0,1.0,2.0,True,False,False
4212,0,0.0,1.0,2.0,1.0,3.0,True,False,False
4213,0,5.0,2.0,1.0,1.0,4.0,True,False,False
4214,0,0.0,0.0,1.0,2.0,1.0,True,False,False
4215,1,0.0,4.0,3.0,1.0,2.0,True,False,False
4218,1,2.0,1.0,2.0,1.0,1.0,True,False,False
4220,1,5.0,1.0,3.0,1.0,2.0,True,False,False
4221,0,30.0,1.0,3.0,1.0,3.0,True,False,False
4226,0,8.0,1.0,3.0,1.0,4.0,True,False,False
4235,1,0.0,1.0,3.0,1.0,4.0,True,False,False
4236,1,0.0,1.0,2.0,1.0,1.0,True,False,False
4238,1,2.0,1.0,2.0,1.0,3.0,True,False,False
4239,1,1.0,4.0,2.0,1.0,1.0,True,False,False
4240,1,2.0,1.0,2.0,1.0,3.0,True,False,False
4241,1,4.0,3.0,2.0,2.0,2.0,False,True,False
4242,0,14.0,1.0,1.0,2.0,1.0,True,False,False
4243,1,0.0,3.0,1.0,2.0,4.0,True,False,False
4244,0,0.0,1.0,2.0,2.0,2.0,True,False,False
4246,1,0.0,4.0,2.0,2.0,1.0,False,True,False
4248,1,0.0,1.0,1.0,1.0,4.0,True,False,False
4249,1,0.0,2.0,3.0,3.0,4.0,True,False,False
4250,1,0.0,3.0,1.0,1.0,1.0,True,False,False
4251,0,0.0,3.0,2.0,2.0,2.0,True,False,False
4253,1,6.0,0.0,2.0,3.0,2.0,True,False,False
4255,1,10.0,4.0,2.0,2.0,1.0,True,False,False
4257,1,0.0,2.0,2.0,2.0,3.0,True,False,False
4258,0,3.0,4.0,1.0,2.0,2.0,True,False,False
4259,1,0.0,0.0,1.0,1.0,1.0,True,False,False
4261,1,0.0,1.0,1.0,2.0,3.0,True,False,False
4263,1,0.0,1.0,2.0,3.0,3.0,True,False,False
4266,0,0.0,3.0,3.0,2.0,2.0,False,True,False
4269,1,3.0,1.0,1.0,1.0,3.0,True,False,False
4270,0,14.0,3.0,3.0,2.0,2.0,True,False,False
4276,1,10.0,1.0,3.0,1.0,2.0,True,False,False
4279,0,0.0,1.0,1.0,2.0,3.0,False,True,False
4280,0,0.0,1.0,3.0,1.0,2.0,True,False,False
4281,0,0.0,1.0,3.0,2.0,2.0,False,True,False
4282,0,30.0,1.0,3.0,2.0,3.0,False,True,False
4283,1,0.0,1.0,2.0,1.0,3.0,False,True,False
4284,0,0.0,0.0,1.0,2.0,4.0,True,False,False
4285,0,30.0,0.0,3.0,3.0,2.0,False,True,False
4286,0,0.0,1.0,1.0,1.0,2.0,False,True,False
4288,0,1.0,1.0,2.0,2.0,3.0,True,False,False
4290,1,4.0,4.0,2.0,1.0,2.0,True,False,False
4291,1,0.0,3.0,2.0,1.0,4.0,True,False,False
4292,0,4.0,1.0,2.0,1.0,3.0,True,False,False
4295,0,3.0,2.0,2.0,1.0,4.0,True,False,False
4298,0,2.0,1.0,3.0,1.0,2.0,True,False,False
4299,0,0.0,3.0,2.0,1.0,2.0,True,False,False
4300,0,0.0,4.0,2.0,1.0,2.0,False,True,False
4301,0,0.0,2.0,3.0,1.0,4.0,False,True,False
4304,0,0.0,3.0,1.0,2.0,1.0,False,True,False
4305,0,0.0,1.0,1.0,1.0,3.0,False,True,False
4306,1,0.0,3.0,1.0,1.0,4.0,True,False,False
4307,1,0.0,1.0,2.0,1.0,1.0,True,False,False
4309,0,15.0,3.0,2.0,1.0,2.0,True,False,False
4312,1,1.0,4.0,1.0,2.0,3.0,True,False,False
4313,0,0.0,3.0,3.0,2.0,2.0,False,True,False
4314,1,10.0,1.0,2.0,1.0,4.0,True,False,False
4317,1,5.0,1.0,2.0,1.0,1.0,True,False,False
4319,1,0.0,1.0,2.0,1.0,1.0,False,False,True
4320,1,15.0,4.0,3.0,1.0,2.0,True,False,False
4323,1,0.0,1.0,3.0,1.0,2.0,True,False,False
4324,0,3.0,1.0,2.0,1.0,2.0,False,True,False
4326,1,3.0,4.0,2.0,1.0,1.0,False,True,False
4328,0,0.0,1.0,2.0,2.0,2.0,False,True,False
4331,1,0.0,1.0,3.0,2.0,2.0,True,False,False
4332,0,0.0,1.0,2.0,2.0,4.0,True,False,False
4334,0,2.0,2.0,2.0,2.0,2.0,False,True,False
4335,1,0.0,1.0,1.0,2.0,1.0,False,True,False
4336,0,4.0,1.0,1.0,2.0,3.0,True,False,False
4337,0,0.0,3.0,1.0,2.0,3.0,True,False,False
4338,1,1.0,0.0,2.0,2.0,1.0,False,True,False
4339,0,1.0,2.0,3.0,2.0,2.0,False,True,False
4340,1,0.0,0.0,2.0,2.0,3.0,False,True,False
4341,0,4.0,0.0,3.0,2.0,3.0,True,False,False
4342,1,10.0,2.0,3.0,2.0,2.0,False,True,False
4345,0,4.0,3.0,1.0,2.0,3.0,False,True,False
4347,0,0.0,1.0,1.0,2.0,3.0,False,True,False
4348,0,0.0,1.0,2.0,2.0,2.0,True,False,False
4351,0,0.0,3.0,1.0,1.0,4.0,True,False,False
4353,1,0.0,1.0,1.0,1.0,4.0,True,False,False
4356,1,4.0,4.0,2.0,1.0,3.0,True,False,False
4357,1,0.0,3.0,2.0,1.0,4.0,True,False,False
4362,1,5.0,2.0,2.0,1.0,2.0,True,False,False
4365,1,0.0,4.0,3.0,1.0,1.0,False,True,False
4366,1,0.0,1.0,3.0,1.0,3.0,False,True,False
4367,0,0.0,1.0,3.0,1.0,4.0,True,False,False
4370,1,0.0,3.0,3.0,1.0,4.0,True,False,False
4371,0,0.0,0.0,2.0,2.0,1.0,False,False,True
4372,1,0.0,2.0,2.0,3.0,3.0,True,False,False
4373,0,30.0,1.0,3.0,2.0,2.0,False,True,False
4375,0,0.0,2.0,3.0,2.0,2.0,True,False,False
4376,1,0.0,2.0,2.0,3.0,2.0,True,False,False
4377,0,5.0,2.0,2.0,2.0,2.0,False,True,False
4378,0,0.0,1.0,3.0,2.0,4.0,False,False,True
4380,1,0.0,2.0,3.0,1.0,2.0,True,False,False
4381,0,30.0,0.0,3.0,1.0,3.0,True,False,False
4385,1,0.0,2.0,3.0,1.0,4.0,True,False,False
4387,0,6.0,1.0,3.0,1.0,3.0,True,False,False
4389,0,10.0,1.0,2.0,1.0,2.0,True,False,False
4390,1,0.0,0.0,2.0,1.0,2.0,True,False,False
4392,1,30.0,1.0,3.0,1.0,2.0,True,False,False
4394,1,0.0,1.0,1.0,1.0,2.0,True,False,False
4395,0,0.0,0.0,2.0,1.0,4.0,True,False,False
4399,0,5.0,2.0,3.0,2.0,2.0,False,True,False
4400,0,0.0,0.0,2.0,2.0,2.0,False,True,False
4401,1,0.0,0.0,1.0,2.0,2.0,False,False,True
4404,0,2.0,0.0,2.0,2.0,4.0,False,True,False
4405,1,2.0,1.0,2.0,2.0,4.0,False,True,False
4407,1,0.0,4.0,2.0,2.0,3.0,False,True,False
4408,0,0.0,1.0,2.0,2.0,3.0,False,True,False
4410,0,20.0,1.0,3.0,2.0,4.0,True,False,False
4412,1,0.0,1.0,2.0,1.0,1.0,True,False,False
4413,1,30.0,0.0,2.0,2.0,1.0,True,False,False
4414,1,10.0,0.0,2.0,2.0,2.0,False,False,True
4418,1,14.0,1.0,2.0,2.0,2.0,True,False,False
4420,1,0.0,1.0,2.0,2.0,2.0,True,False,False
4421,1,0.0,3.0,1.0,2.0,2.0,True,False,False
4422,1,0.0,4.0,1.0,1.0,2.0,True,False,False
4424,1,0.0,3.0,1.0,1.0,3.0,True,False,False
4426,0,7.0,2.0,3.0,2.0,3.0,False,True,False
4427,1,0.0,3.0,1.0,1.0,2.0,False,True,False
4428,1,0.0,1.0,1.0,1.0,3.0,True,False,False
4430,0,5.0,4.0,2.0,2.0,1.0,True,False,False
4431,1,0.0,1.0,2.0,2.0,1.0,False,True,False
4432,1,0.0,0.0,2.0,2.0,1.0,False,True,False
4433,0,0.0,3.0,3.0,2.0,2.0,False,True,False
4434,1,0.0,1.0,2.0,1.0,3.0,True,False,False
4435,0,15.0,1.0,3.0,1.0,2.0,True,False,False
4436,0,0.0,3.0,1.0,2.0,3.0,False,True,False
4440,1,0.0,1.0,2.0,2.0,2.0,False,True,False
4443,0,0.0,0.0,2.0,2.0,2.0,False,True,False
4444,1,2.0,1.0,3.0,2.0,2.0,False,True,False
4445,1,4.0,1.0,2.0,2.0,3.0,True,False,False
4447,1,14.0,1.0,2.0,2.0,2.0,True,False,False
4449,0,0.0,1.0,3.0,2.0,3.0,True,False,False
4450,0,0.0,1.0,1.0,1.0,2.0,True,False,False
4451,1,0.0,4.0,2.0,2.0,1.0,False,True,False
4453,0,0.0,1.0,1.0,3.0,3.0,False,True,False
4454,0,0.0,1.0,2.0,2.0,1.0,False,True,False
4457,0,0.0,3.0,1.0,1.0,1.0,True,False,False
4465,0,30.0,1.0,3.0,1.0,3.0,True,False,False
4466,0,6.0,1.0,1.0,2.0,1.0,True,False,False
4468,1,7.0,2.0,2.0,1.0,1.0,True,False,False
4469,0,1.0,3.0,3.0,1.0,4.0,False,True,False
4470,0,10.0,3.0,3.0,2.0,2.0,False,True,False
4472,0,2.0,3.0,3.0,1.0,4.0,False,True,False
4473,0,1.0,1.0,3.0,1.0,4.0,True,False,False
4475,0,15.0,2.0,3.0,1.0,3.0,True,False,False
4476,0,0.0,1.0,2.0,1.0,4.0,True,False,False
4477,0,0.0,1.0,1.0,2.0,4.0,True,False,False
4478,0,0.0,1.0,2.0,1.0,4.0,True,False,False
4481,0,1.0,1.0,2.0,1.0,2.0,True,False,False
4482,1,0.0,1.0,1.0,1.0,2.0,True,False,False
4484,0,0.0,2.0,2.0,1.0,4.0,True,False,False
4486,1,3.0,3.0,1.0,1.0,3.0,True,False,False
4487,1,14.0,3.0,1.0,1.0,2.0,True,False,False
4488,1,5.0,4.0,1.0,1.0,4.0,True,False,False
4489,1,0.0,3.0,3.0,1.0,4.0,True,False,False
4494,0,0.0,1.0,2.0,1.0,2.0,True,False,False
4498,0,0.0,1.0,1.0,1.0,2.0,True,False,False
4499,1,0.0,1.0,2.0,2.0,2.0,True,False,False
4500,0,0.0,1.0,1.0,1.0,2.0,True,False,False
4503,1,0.0,4.0,2.0,1.0,2.0,True,False,False
4504,1,0.0,3.0,2.0,1.0,4.0,True,False,False
4505,0,1.0,1.0,3.0,1.0,3.0,True,False,False
4507,0,0.0,0.0,1.0,1.0,1.0,True,False,False
4508,1,0.0,3.0,1.0,1.0,2.0,True,False,False
4510,1,0.0,2.0,3.0,2.0,2.0,True,False,False
4515,0,5.0,1.0,2.0,1.0,2.0,True,False,False
4517,0,10.0,1.0,2.0,1.0,3.0,True,False,False
4518,0,0.0,1.0,2.0,2.0,2.0,True,False,False
4520,1,30.0,2.0,3.0,2.0,2.0,True,False,False
4521,1,0.0,3.0,1.0,1.0,1.0,True,False,False
4523,1,0.0,1.0,2.0,1.0,2.0,True,False,False
4524,0,0.0,4.0,2.0,1.0,2.0,True,False,False
4525,1,1.0,1.0,2.0,1.0,2.0,True,False,False
4527,0,0.0,1.0,2.0,1.0,4.0,True,False,False
4528,0,0.0,1.0,3.0,1.0,2.0,True,False,False
4529,0,0.0,1.0,1.0,1.0,3.0,True,False,False
4530,0,10.0,3.0,1.0,1.0,3.0,True,False,False
4531,0,7.0,2.0,3.0,1.0,4.0,True,False,False
4533,0,3.0,1.0,3.0,1.0,1.0,True,False,False
4535,1,0.0,3.0,1.0,1.0,2.0,True,False,False
4536,1,1.0,2.0,2.0,1.0,1.0,False,True,False
4537,0,15.0,1.0,2.0,1.0,4.0,True,False,False
4538,0,0.0,3.0,2.0,1.0,1.0,True,False,False
4539,1,0.0,3.0,1.0,1.0,2.0,True,False,False
4541,1,0.0,4.0,1.0,1.0,2.0,True,False,False
4543,1,0.0,1.0,2.0,1.0,4.0,True,False,False
4544,1,10.0,3.0,3.0,1.0,2.0,True,False,False
4545,0,0.0,3.0,1.0,2.0,3.0,True,False,False
4546,1,0.0,1.0,2.0,1.0,3.0,True,False,False
4547,1,0.0,3.0,2.0,1.0,2.0,True,False,False
4548,1,6.0,3.0,2.0,1.0,3.0,True,False,False
4551,0,0.0,1.0,1.0,1.0,2.0,True,False,False
4552,1,0.0,3.0,1.0,1.0,1.0,True,False,False
4553,0,15.0,1.0,1.0,1.0,4.0,True,False,False
4554,0,0.0,1.0,1.0,2.0,1.0,True,False,False
4555,0,2.0,1.0,3.0,1.0,1.0,True,False,False
4557,0,10.0,2.0,3.0,1.0,1.0,True,False,False
4558,1,0.0,1.0,1.0,2.0,2.0,True,False,False
4560,0,25.0,4.0,2.0,1.0,3.0,True,False,False
4565,1,0.0,1.0,2.0,2.0,4.0,True,False,False
4568,0,20.0,3.0,2.0,2.0,2.0,True,False,False
4569,0,0.0,1.0,3.0,3.0,2.0,False,True,False
4570,0,0.0,1.0,2.0,3.0,4.0,False,True,False
4572,1,0.0,4.0,1.0,1.0,1.0,True,False,False
4573,0,0.0,3.0,1.0,2.0,2.0,True,False,False
4574,0,5.0,1.0,2.0,2.0,3.0,True,False,False
4577,0,30.0,1.0,3.0,2.0,3.0,True,False,False
4580,0,0.0,4.0,1.0,1.0,3.0,True,False,False
4585,0,0.0,1.0,1.0,1.0,4.0,True,False,False
4586,1,0.0,1.0,3.0,1.0,3.0,True,False,False
4588,0,0.0,1.0,2.0,1.0,3.0,True,False,False
4589,1,30.0,2.0,3.0,1.0,4.0,True,False,False
4590,0,10.0,2.0,2.0,1.0,3.0,True,False,False
4591,1,0.0,1.0,2.0,1.0,3.0,False,False,True
4592,0,0.0,3.0,2.0,1.0,2.0,True,False,False
4595,0,0.0,1.0,3.0,1.0,2.0,True,False,False
4596,0,2.0,3.0,2.0,3.0,3.0,False,True,False
4597,0,0.0,3.0,3.0,1.0,2.0,True,False,False
4598,1,1.0,4.0,2.0,1.0,1.0,True,False,False
4599,1,0.0,1.0,3.0,1.0,3.0,True,False,False
4603,1,12.0,1.0,2.0,1.0,4.0,True,False,False
4604,1,0.0,3.0,2.0,1.0,1.0,True,False,False
4605,0,30.0,3.0,1.0,2.0,3.0,True,False,False
4608,0,0.0,3.0,2.0,1.0,2.0,True,False,False
4610,1,5.0,4.0,2.0,1.0,4.0,True,False,False
4611,0,10.0,3.0,3.0,1.0,2.0,True,False,False
4613,0,3.0,0.0,3.0,2.0,3.0,False,True,False
4614,0,30.0,1.0,2.0,2.0,2.0,True,False,False
4615,0,2.0,1.0,3.0,2.0,4.0,True,False,False
4616,1,0.0,1.0,1.0,1.0,1.0,True,False,False
4617,0,5.0,1.0,2.0,1.0,2.0,True,False,False
4618,1,0.0,4.0,1.0,2.0,2.0,True,False,False
4620,0,0.0,1.0,1.0,2.0,2.0,True,False,False
4622,1,0.0,3.0,2.0,2.0,4.0,True,False,False
4624,0,0.0,3.0,1.0,2.0,2.0,True,False,False
4626,1,0.0,1.0,1.0,1.0,1.0,True,False,False
4627,1,0.0,3.0,2.0,2.0,3.0,True,False,False
4629,1,0.0,3.0,1.0,2.0,3.0,True,False,False
4631,1,0.0,0.0,2.0,1.0,2.0,True,False,False
4632,1,5.0,1.0,2.0,2.0,3.0,True,False,False
4633,1,0.0,1.0,2.0,2.0,3.0,False,True,False
4634,0,2.0,1.0,3.0,2.0,2.0,True,False,False
4635,1,0.0,1.0,2.0,2.0,3.0,True,False,False
4636,0,0.0,1.0,1.0,2.0,4.0,True,False,False
4637,0,0.0,1.0,1.0,2.0,4.0,True,False,False
4641,1,0.0,0.0,1.0,2.0,3.0,False,False,True
4644,1,0.0,1.0,3.0,2.0,1.0,True,False,False
4647,1,0.0,3.0,1.0,1.0,2.0,True,False,False
4648,0,30.0,1.0,3.0,2.0,3.0,True,False,False
4649,0,0.0,1.0,1.0,2.0,4.0,True,False,False
4650,0,1.0,2.0,2.0,1.0,1.0,True,False,False
4651,1,2.0,3.0,3.0,1.0,2.0,True,False,False
4652,1,0.0,2.0,2.0,1.0,3.0,True,False,False
4653,1,0.0,3.0,2.0,1.0,2.0,True,False,False
4655,0,0.0,3.0,2.0,1.0,2.0,True,False,False
4656,1,0.0,3.0,1.0,2.0,1.0,True,False,False
4657,1,0.0,4.0,1.0,2.0,1.0,True,False,False
4658,0,0.0,1.0,1.0,2.0,2.0,True,False,False
4660,0,10.0,1.0,2.0,2.0,1.0,True,False,False
4662,1,10.0,3.0,2.0,2.0,2.0,True,False,False
4663,0,1.0,2.0,1.0,2.0,3.0,True,False,False
4665,1,0.0,3.0,1.0,1.0,2.0,True,False,False
4666,0,0.0,1.0,2.0,1.0,3.0,False,True,False
4667,0,0.0,2.0,2.0,1.0,2.0,True,False,False
4669,1,0.0,3.0,1.0,1.0,2.0,True,False,False
4670,1,0.0,3.0,2.0,1.0,2.0,True,False,False
4671,1,3.0,3.0,2.0,1.0,2.0,False,True,False
4672,1,0.0,4.0,1.0,1.0,2.0,True,False,False
4673,1,0.0,3.0,2.0,1.0,3.0,True,False,False
4674,0,0.0,1.0,3.0,1.0,4.0,True,False,False
4675,1,0.0,3.0,2.0,1.0,2.0,True,False,False
4676,1,0.0,4.0,1.0,1.0,4.0,True,False,False
4677,1,0.0,0.0,2.0,1.0,1.0,True,False,False
4680,0,0.0,3.0,3.0,3.0,2.0,False,False,True
4683,0,0.0,1.0,2.0,2.0,2.0,True,False,False
4684,0,4.0,1.0,1.0,2.0,4.0,True,False,False
4686,0,0.0,1.0,1.0,2.0,2.0,False,True,False
4687,1,0.0,2.0,3.0,3.0,1.0,True,False,False
4688,0,0.0,3.0,2.0,1.0,2.0,True,False,False
4690,1,0.0,1.0,1.0,1.0,2.0,True,False,False
4691,1,15.0,1.0,1.0,1.0,2.0,True,False,False
4693,1,2.0,4.0,1.0,1.0,3.0,True,False,False
4695,0,2.0,3.0,1.0,1.0,1.0,True,False,False
4696,0,10.0,1.0,2.0,2.0,4.0,True,False,False
4698,0,0.0,3.0,2.0,1.0,3.0,False,True,False
4699,0,0.0,1.0,2.0,1.0,4.0,False,True,False
4701,0,0.0,0.0,2.0,1.0,3.0,False,True,False
4702,0,12.0,1.0,2.0,2.0,3.0,False,True,False
4703,1,0.0,2.0,2.0,2.0,1.0,True,False,False
4707,0,5.0,1.0,2.0,1.0,3.0,True,False,False
4708,0,0.0,3.0,1.0,1.0,3.0,True,False,False
4710,0,30.0,1.0,3.0,1.0,2.0,False,True,False
4712,0,15.0,2.0,3.0,2.0,2.0,True,False,False
4714,0,0.0,1.0,3.0,1.0,3.0,True,False,False
4717,1,0.0,1.0,2.0,2.0,1.0,False,True,False
4718,0,4.0,1.0,3.0,1.0,2.0,True,False,False
4719,0,0.0,1.0,2.0,1.0,3.0,True,False,False
4725,1,0.0,1.0,2.0,1.0,2.0,False,False,True
4726,0,0.0,3.0,2.0,1.0,3.0,True,False,False
4727,0,15.0,1.0,3.0,1.0,2.0,True,False,False
4729,1,0.0,4.0,1.0,1.0,1.0,False,False,True
4730,0,0.0,0.0,2.0,1.0,4.0,True,False,False
4734,1,0.0,0.0,2.0,2.0,2.0,True,False,False
4736,0,2.0,1.0,2.0,2.0,2.0,False,False,True
4737,0,0.0,3.0,2.0,2.0,1.0,False,False,True
4739,0,0.0,0.0,2.0,3.0,4.0,True,False,False
4740,1,0.0,1.0,2.0,2.0,2.0,False,False,True
4745,0,0.0,1.0,1.0,2.0,3.0,False,True,False
4747,0,7.0,1.0,2.0,2.0,3.0,False,True,False
4750,0,0.0,1.0,1.0,3.0,2.0,False,False,True
4751,1,0.0,1.0,1.0,3.0,1.0,False,False,True
4752,0,4.0,1.0,3.0,3.0,3.0,True,False,False
4755,1,4.0,1.0,1.0,3.0,2.0,True,False,False
4756,1,0.0,1.0,1.0,3.0,1.0,False,False,True
4757,0,0.0,1.0,1.0,3.0,3.0,False,False,True
4758,0,0.0,0.0,2.0,3.0,2.0,False,False,True
4761,0,0.0,1.0,2.0,2.0,2.0,False,False,True
4762,0,5.0,0.0,2.0,3.0,2.0,True,False,False
4763,0,0.0,1.0,2.0,3.0,3.0,False,False,True
4764,0,0.0,1.0,1.0,2.0,2.0,True,False,False
4765,1,0.0,0.0,2.0,2.0,2.0,False,False,True
4766,0,0.0,1.0,3.0,2.0,3.0,False,True,False
4767,1,0.0,0.0,2.0,2.0,2.0,False,False,True
4770,1,0.0,0.0,3.0,2.0,2.0,True,False,False
4771,0,5.0,0.0,3.0,2.0,2.0,False,False,True
4773,0,0.0,1.0,1.0,2.0,1.0,True,False,False
4774,0,10.0,1.0,2.0,2.0,2.0,True,False,False
4775,1,0.0,3.0,1.0,2.0,2.0,True,False,False
4776,1,2.0,2.0,2.0,2.0,2.0,True,False,False
4777,0,0.0,3.0,2.0,2.0,2.0,True,False,False
4778,1,1.0,4.0,2.0,3.0,4.0,True,False,False
4779,0,0.0,1.0,2.0,3.0,4.0,True,False,False
4780,0,10.0,1.0,2.0,3.0,3.0,True,False,False
4781,0,0.0,1.0,1.0,4.0,2.0,True,False,False
4785,0,0.0,1.0,2.0,3.0,2.0,True,False,False
4786,0,2.0,1.0,2.0,3.0,3.0,True,False,False
4787,1,7.0,1.0,2.0,3.0,2.0,True,False,False
4788,0,1.0,1.0,2.0,3.0,2.0,True,False,False
4789,0,0.0,3.0,2.0,3.0,4.0,False,False,True
4790,0,30.0,2.0,3.0,3.0,3.0,True,False,False
4791,0,1.0,0.0,2.0,3.0,2.0,True,False,False
4792,0,5.0,3.0,1.0,2.0,2.0,True,False,False
4793,0,0.0,1.0,1.0,3.0,4.0,True,False,False
4794,0,5.0,1.0,2.0,3.0,1.0,True,False,False
4795,0,2.0,1.0,2.0,3.0,3.0,False,False,True
4796,0,0.0,3.0,1.0,2.0,3.0,False,False,True
4797,1,0.0,1.0,2.0,2.0,2.0,True,False,False
4799,0,1.0,0.0,2.0,3.0,3.0,True,False,False
4801,0,0.0,1.0,3.0,2.0,2.0,True,False,False
4802,1,0.0,3.0,3.0,1.0,2.0,True,False,False
4803,1,10.0,4.0,3.0,1.0,1.0,True,False,False
4804,1,20.0,3.0,2.0,1.0,2.0,True,False,False
4807,1,0.0,4.0,1.0,1.0,3.0,True,False,False
4811,1,10.0,4.0,1.0,1.0,2.0,True,False,False
4814,0,3.0,3.0,3.0,1.0,4.0,True,False,False
4816,0,10.0,3.0,2.0,2.0,4.0,True,False,False
4818,0,1.0,3.0,3.0,2.0,1.0,True,False,False
4821,0,0.0,1.0,3.0,2.0,3.0,True,False,False
4822,0,2.0,1.0,2.0,2.0,4.0,True,False,False
4823,0,4.0,3.0,2.0,2.0,3.0,True,False,False
4824,0,0.0,2.0,2.0,1.0,2.0,True,False,False
4827,0,7.0,1.0,3.0,3.0,3.0,False,False,True
4828,1,0.0,1.0,1.0,2.0,2.0,True,False,False
4829,1,0.0,4.0,2.0,2.0,1.0,False,False,True
4830,0,4.0,0.0,2.0,1.0,2.0,False,False,True
4831,1,0.0,1.0,2.0,1.0,4.0,False,False,True
4832,1,0.0,1.0,1.0,2.0,2.0,True,False,False
4835,0,25.0,1.0,3.0,1.0,2.0,True,False,False
4837,0,0.0,1.0,1.0,1.0,2.0,True,False,False
4838,0,3.0,1.0,1.0,2.0,4.0,True,False,False
4840,1,0.0,1.0,3.0,2.0,2.0,True,False,False
4841,1,3.0,0.0,2.0,2.0,4.0,True,False,False
4844,0,1.0,3.0,3.0,3.0,2.0,True,False,False
4845,0,2.0,0.0,3.0,3.0,3.0,False,False,True
4846,1,0.0,0.0,2.0,2.0,2.0,False,False,True
4849,0,0.0,4.0,2.0,3.0,2.0,True,False,False
4850,0,0.0,3.0,2.0,3.0,3.0,True,False,False
4852,1,2.0,1.0,3.0,3.0,2.0,False,False,True
4853,0,0.0,1.0,2.0,3.0,3.0,False,True,False
4857,0,0.0,0.0,3.0,3.0,1.0,False,False,True
4868,0,0.0,1.0,2.0,1.0,4.0,True,False,False
4869,1,0.0,3.0,1.0,1.0,1.0,True,False,False
4870,1,3.0,3.0,1.0,1.0,2.0,True,False,False
4873,0,22.0,3.0,2.0,2.0,4.0,False,False,True
4874,0,3.0,4.0,2.0,1.0,4.0,True,False,False
4879,0,7.0,3.0,2.0,2.0,4.0,True,False,False
4882,1,1.0,1.0,2.0,1.0,1.0,True,False,False
4885,1,0.0,3.0,1.0,1.0,2.0,True,False,False
4886,1,0.0,1.0,2.0,1.0,3.0,True,False,False
4890,0,4.0,2.0,3.0,1.0,4.0,True,False,False
4891,1,0.0,4.0,1.0,1.0,2.0,True,False,False
4893,0,1.0,4.0,1.0,2.0,2.0,True,False,False
4894,0,0.0,4.0,1.0,2.0,4.0,True,False,False
4895,0,0.0,2.0,3.0,2.0,4.0,True,False,False
4897,1,10.0,2.0,2.0,2.0,2.0,True,False,False
4898,0,2.0,3.0,2.0,2.0,4.0,True,False,False
4900,1,4.0,1.0,3.0,2.0,4.0,True,False,False
4901,1,20.0,1.0,3.0,1.0,4.0,False,False,True
4902,0,15.0,1.0,2.0,2.0,4.0,True,False,False
4903,0,3.0,1.0,3.0,1.0,3.0,True,False,False
4904,0,20.0,0.0,3.0,3.0,3.0,True,False,False
4906,0,1.0,1.0,1.0,1.0,2.0,False,False,True
4907,1,0.0,4.0,1.0,1.0,2.0,True,False,False
4908,1,30.0,4.0,1.0,2.0,4.0,True,False,False
4910,0,3.0,2.0,1.0,1.0,4.0,False,False,True
4915,1,0.0,1.0,2.0,2.0,2.0,True,False,False
4916,0,0.0,1.0,2.0,2.0,4.0,True,False,False
4917,1,1.0,1.0,2.0,2.0,2.0,True,False,False
4921,0,3.0,0.0,3.0,3.0,4.0,True,False,False
4922,0,2.0,1.0,3.0,2.0,4.0,True,False,False
4928,0,0.0,2.0,3.0,2.0,3.0,True,False,False
4929,0,5.0,1.0,2.0,1.0,3.0,True,False,False
4930,1,0.0,3.0,2.0,1.0,2.0,True,False,False
4932,0,0.0,1.0,2.0,2.0,3.0,False,False,True
4934,0,0.0,1.0,2.0,3.0,2.0,True,False,False
4935,1,15.0,2.0,3.0,2.0,2.0,True,False,False
4940,0,0.0,1.0,3.0,3.0,4.0,True,False,False
4941,0,0.0,1.0,3.0,2.0,2.0,True,False,False
4943,0,3.0,4.0,1.0,1.0,2.0,True,False,False
4944,1,0.0,1.0,2.0,2.0,4.0,True,False,False
4946,1,1.0,1.0,2.0,2.0,2.0,False,True,False
4947,1,16.0,1.0,3.0,2.0,2.0,True,False,False
4948,1,5.0,2.0,1.0,1.0,2.0,True,False,False
4949,1,2.0,1.0,1.0,1.0,4.0,True,False,False
4951,1,0.0,1.0,1.0,1.0,1.0,True,False,False
4953,1,0.0,1.0,1.0,2.0,3.0,True,False,False
4954,1,4.0,2.0,1.0,2.0,2.0,False,False,True
4958,1,5.0,3.0,1.0,1.0,3.0,True,False,False
4959,1,10.0,3.0,2.0,1.0,4.0,True,False,False
4965,0,0.0,1.0,1.0,1.0,2.0,True,False,False
4966,0,0.0,2.0,1.0,1.0,3.0,True,False,False
4969,0,3.0,1.0,2.0,1.0,4.0,True,False,False
4971,1,0.0,1.0,2.0,1.0,3.0,False,False,True
4973,1,0.0,3.0,1.0,1.0,2.0,True,False,False
4975,1,0.0,3.0,1.0,1.0,2.0,True,False,False
4977,0,0.0,2.0,3.0,2.0,2.0,True,False,False
4978,1,0.0,1.0,2.0,2.0,3.0,True,False,False
4987,0,30.0,1.0,3.0,1.0,2.0,False,True,False
4988,1,2.0,1.0,2.0,1.0,2.0,True,False,False
4990,1,0.0,2.0,2.0,1.0,2.0,True,False,False
4992,0,0.0,1.0,2.0,1.0,2.0,True,False,False
4994,1,3.0,1.0,2.0,1.0,2.0,True,False,False
4995,1,0.0,3.0,3.0,1.0,2.0,True,False,False
4996,1,0.0,0.0,2.0,1.0,1.0,True,False,False
4999,1,15.0,4.0,2.0,1.0,2.0,True,False,False
5000,1,0.0,4.0,2.0,1.0,1.0,True,False,False
5001,1,1.0,1.0,2.0,1.0,3.0,True,False,False
5003,1,0.0,1.0,2.0,1.0,3.0,True,False,False
5004,1,0.0,4.0,1.0,1.0,2.0,True,False,False
5005,1,20.0,0.0,3.0,2.0,2.0,True,False,False
5006,1,0.0,1.0,3.0,2.0,1.0,True,False,False
5011,0,0.0,1.0,1.0,1.0,2.0,True,False,False
5017,0,20.0,0.0,3.0,1.0,3.0,True,False,False
5019,0,0.0,1.0,3.0,2.0,4.0,True,False,False
5020,1,1.0,1.0,1.0,1.0,3.0,True,False,False
5021,0,10.0,1.0,3.0,2.0,3.0,False,True,False
5022,0,0.0,3.0,1.0,1.0,4.0,True,False,False
5023,0,2.0,1.0,3.0,2.0,2.0,True,False,False
5025,0,2.0,1.0,3.0,2.0,4.0,False,True,False
5026,0,5.0,1.0,2.0,2.0,2.0,True,False,False
5027,1,0.0,1.0,2.0,2.0,4.0,True,False,False
5028,0,30.0,4.0,3.0,2.0,3.0,True,False,False
5029,1,0.0,1.0,3.0,2.0,2.0,True,False,False
5031,0,2.0,1.0,3.0,3.0,1.0,True,False,False
5032,1,0.0,2.0,3.0,2.0,1.0,True,False,False
5033,0,1.0,1.0,2.0,3.0,3.0,False,True,False
5034,0,0.0,0.0,1.0,2.0,3.0,False,True,False
5035,1,0.0,1.0,1.0,2.0,1.0,False,False,True
5038,0,5.0,1.0,1.0,2.0,2.0,True,False,False
5039,0,15.0,1.0,1.0,2.0,2.0,True,False,False
5040,1,0.0,1.0,3.0,2.0,3.0,True,False,False
5041,0,0.0,1.0,2.0,2.0,1.0,False,False,True
5042,0,0.0,1.0,2.0,2.0,2.0,True,False,False
5047,1,7.0,1.0,2.0,1.0,2.0,True,False,False
5049,1,0.0,1.0,2.0,1.0,2.0,True,False,False
5051,0,0.0,1.0,1.0,1.0,2.0,True,False,False
5053,0,2.0,1.0,3.0,1.0,2.0,True,False,False
5054,1,0.0,1.0,2.0,1.0,2.0,True,False,False
5055,1,20.0,1.0,2.0,1.0,3.0,True,False,False
5056,1,2.0,3.0,1.0,2.0,3.0,True,False,False
5057,1,0.0,1.0,2.0,1.0,3.0,True,False,False
5058,1,0.0,4.0,1.0,1.0,3.0,True,False,False
5059,0,7.0,3.0,3.0,1.0,3.0,True,False,False
5061,0,0.0,1.0,1.0,1.0,4.0,False,False,True
5063,1,2.0,1.0,2.0,1.0,3.0,True,False,False
5065,0,10.0,4.0,2.0,2.0,4.0,True,False,False
5067,0,3.0,1.0,3.0,2.0,1.0,True,False,False
5068,0,3.0,1.0,2.0,3.0,4.0,True,False,False
5070,0,15.0,1.0,2.0,2.0,4.0,True,False,False
5071,1,0.0,2.0,2.0,2.0,4.0,True,False,False
5072,1,3.0,1.0,3.0,2.0,2.0,True,False,False
5073,1,0.0,4.0,3.0,2.0,2.0,True,False,False
5074,0,3.0,1.0,1.0,2.0,3.0,True,False,False
5075,1,0.0,2.0,2.0,2.0,2.0,True,False,False
5077,1,5.0,4.0,3.0,1.0,2.0,True,False,False
5083,1,10.0,3.0,2.0,1.0,1.0,True,False,False
5084,0,0.0,1.0,2.0,1.0,3.0,True,False,False
5089,1,0.0,0.0,2.0,1.0,3.0,False,False,True
5090,0,0.0,1.0,3.0,1.0,3.0,True,False,False
5091,1,3.0,4.0,1.0,1.0,2.0,True,False,False
5092,0,2.0,3.0,2.0,1.0,4.0,True,False,False
5093,1,5.0,1.0,2.0,1.0,2.0,True,False,False
5094,0,1.0,0.0,2.0,1.0,4.0,True,False,False
5095,0,0.0,1.0,2.0,1.0,4.0,False,False,True
5096,1,5.0,1.0,1.0,1.0,4.0,True,False,False
5099,0,2.0,3.0,1.0,1.0,2.0,True,False,False
5100,0,15.0,0.0,2.0,1.0,3.0,True,False,False
5101,1,0.0,0.0,3.0,1.0,3.0,True,False,False
5102,0,0.0,1.0,2.0,1.0,1.0,True,False,False
5104,1,15.0,0.0,3.0,1.0,4.0,True,False,False
5106,1,0.0,1.0,1.0,1.0,2.0,True,False,False
5108,1,5.0,0.0,3.0,1.0,2.0,True,False,False
5109,0,0.0,1.0,2.0,1.0,2.0,True,False,False
5114,1,0.0,1.0,1.0,1.0,4.0,True,False,False
5115,1,10.0,1.0,3.0,1.0,3.0,True,False,False
5116,0,0.0,2.0,1.0,1.0,2.0,True,False,False
5118,1,5.0,4.0,1.0,1.0,2.0,True,False,False
5119,0,0.0,1.0,1.0,1.0,3.0,True,False,False
5120,0,0.0,1.0,1.0,1.0,3.0,True,False,False
5122,0,5.0,1.0,3.0,1.0,3.0,True,False,False
5123,0,15.0,1.0,2.0,2.0,2.0,True,False,False
5126,1,0.0,0.0,2.0,1.0,1.0,False,False,True
5127,0,4.0,3.0,3.0,2.0,2.0,False,True,False
5128,0,0.0,1.0,1.0,2.0,3.0,False,False,True
5129,0,0.0,0.0,2.0,2.0,3.0,False,False,True
5133,1,0.0,1.0,1.0,1.0,1.0,True,False,False
5136,0,0.0,1.0,3.0,2.0,2.0,False,True,False
5138,1,0.0,0.0,1.0,2.0,1.0,True,False,False
5139,1,0.0,2.0,1.0,3.0,3.0,False,True,False
5141,1,15.0,2.0,2.0,2.0,1.0,True,False,False
5142,1,2.0,2.0,1.0,1.0,3.0,False,True,False
5145,0,0.0,4.0,1.0,2.0,1.0,True,False,False
5146,1,0.0,1.0,1.0,3.0,2.0,True,False,False
5150,1,0.0,1.0,2.0,2.0,2.0,True,False,False
5152,1,8.0,1.0,2.0,2.0,2.0,True,False,False
5153,0,0.0,0.0,1.0,3.0,2.0,False,False,True
5158,0,1.0,1.0,1.0,1.0,4.0,False,True,False
5159,0,0.0,1.0,3.0,1.0,1.0,False,True,False
5161,0,30.0,1.0,2.0,2.0,3.0,False,True,False
5163,0,7.0,1.0,2.0,1.0,2.0,False,True,False
5164,0,2.0,1.0,1.0,1.0,3.0,False,True,False
5168,1,14.0,1.0,2.0,1.0,3.0,False,True,False
5172,1,2.0,1.0,2.0,1.0,4.0,True,False,False
5174,0,3.0,1.0,2.0,2.0,3.0,False,True,False
5181,0,0.0,1.0,1.0,2.0,1.0,True,False,False
5183,1,0.0,3.0,1.0,1.0,4.0,True,False,False
5185,0,30.0,1.0,2.0,2.0,3.0,True,False,False
5186,1,0.0,1.0,2.0,2.0,3.0,False,True,False
5188,1,0.0,3.0,2.0,2.0,2.0,True,False,False
5189,1,0.0,2.0,1.0,1.0,4.0,True,False,False
5192,0,0.0,3.0,2.0,1.0,2.0,True,False,False
5193,0,0.0,1.0,2.0,1.0,4.0,True,False,False
5197,1,0.0,2.0,2.0,1.0,4.0,True,False,False
5202,1,3.0,4.0,1.0,1.0,4.0,True,False,False
5203,0,20.0,3.0,2.0,1.0,3.0,True,False,False
5206,1,2.0,1.0,3.0,1.0,2.0,True,False,False
5210,0,0.0,1.0,3.0,1.0,4.0,True,False,False
5211,1,0.0,1.0,2.0,1.0,2.0,True,False,False
